id,arabic text,english translation text
0,,Dua'a Jawshan Al Kabir
0,بِسْمِ اللَّهِ الرَّحْمَنِ الرَّحِيمِ,"In the Name of Allah,
the All-merciful, the All-compassionate"
0,اَللَّهُمَّ صَلِّ عَلَى مُحَمَّدٍ وَ آلِ مُحَمَّد,O Allah bless Muhammad and the family of Muhammad.
1,"سُبْحَانَكَ يَا لَا إِلَهَ إِلاَّ أَنْتَ, الْغَوْثَ الْغَوْثَ, خَلِّصْنَا مِنَ النَّارِ يَا رَبِّ","Praise be to You, there is no god but You, I beseech You for relief, relief, Protect us from the Fire, O Lord
1 TO OVERCOME DIFFICULTIES"
1,اللَّهُمَّ إِنِّي أَسْألُكَ بِاسْمِكَ يَا اللَّهُ,"O Allah, verily I beseech You in Your name: O Allah,"
1,يَا رَحْمَنُ يَا رَحِيمُ,"O Most Merciful, O Most Compassionate,"
1,يَا كَرِيمُ يَا مُقِيمُ,"O Most Generous, O Self-Subsisting,"
1,يَا عَظِيمُ يَا قَدِيمُ,"O Greatest, O Eternal,"
1,يَا عَلِيمُ يَا حَلِيمُ يَا حَكِيمُ,"O All-Knowing, O Forbearing, O Wise."
2,"سُبْحَانَكَ يَا لَا إِلَهَ إِلاَّ أَنْتَ, الْغَوْثَ الْغَوْثَ, خَلِّصْنَا مِنَ النَّارِ يَا رَبِّ","Praise be to You, there is no god but You, I beseech You for relief, relief, Protect us from the Fire, O Lord
2  TO SEEK HELP"
2,يَا سَيِّدَ السَّادَاتِ,"O Master of Masters,"
2,يَا مُجِيبَ الدَّعَوَاتِ,"O Acceptor of prayers,"
2,يَا رَافِعَ الدَّرَجَاتِ,"O Elevator of rank,"
2,يَا وَلِيَّ الْحَسَنَاتِ,"O Guardian of good deeds,"
2,يَا غَافِرَ الْخَطِيئَاتِ,"O Forgiver of evil deeds,"
2,يَا مُعْطِيَ الْمَسْأَلاتِ,"O Granter of requests,"
2,يَا قَابِلَ التَّوْبَاتِ,"O Acceptor of repentance,"
2,يَا سَامِعَ الأَصْوَاتِ,"O Hearer of voices,"
2,يَا عَالِمَ الْخَفِيَّاتِ,"O Knower of attributes,"
2,يَا دَافِعَ الْبَلِيَّاتِ,O Repeller of calamities.
3,"سُبْحَانَكَ يَا لَا إِلَهَ إِلاَّ أَنْتَ, الْغَوْثَ الْغَوْثَ, خَلِّصْنَا مِنَ النَّارِ يَا رَبِّ","Praise be to You, there is no god but You, I beseech You for relief, relief, Protect us from the Fire, O Lord
3 TO ATTAIN HONOR, DIGNITY"
3,يَا خَيْرَ الْغافِرِينَ,"O Best of forgivers,"
3,يَا خَيْرَ الْفَاتِحِينَ,"O Best of deciders,"
3,يَا خَيْرَ النَّاصِرِينَ,"O Best of helpers,"
3,يَا خَيْرَ الْحَاكِمِينَ,"O Best of rulers,"
3,يَا خَيْرَ الرَّازِقِينَ,"O Best of providers,"
3,يَا خَيْرَ الْوَارِثِينَ,O Best of inheritors
3,يَا خَيْرَ الْحَامِدِينَ,"O Best of praisers,"
3,يَا خَيْرَ الذَّاكِرِينَ,"O Best of rememberers,"
3,يَا خَيْرَ الْمُنْزِلِينَ,"O Best of dischargers,"
3,يَا خَيْرَ الْمُحْسِنِينَ,O Best of benefactors.
4,"سُبْحَانَكَ يَا لَا إِلَهَ إِلاَّ أَنْتَ, الْغَوْثَ الْغَوْثَ, خَلِّصْنَا مِنَ النَّارِ يَا رَبِّ","Praise be to You, there is no god but You, I beseech You for relief, relief, Protect us from the Fire, O Lord
4 TO ACQUIRE NOBILITY"
4,يَا مَن لَّهُ الْعِزَّةُ وَالْجَمَالُ,"O He, to Whom is all glory and virtue,"
4,يَا مَن لَّهُ الْقُدْرَةُ وَالْكَمَالُ,"O He, to Whom is all might and perfection,"
4,يَا مَن لَّهُ الْمُلْكُ وَالجَلاَلُ,"O He, to Whom is all dominion and sublimity,"
4,يَا مَنْ هُوَ الْكَبِيرُ الْمُتَعَاِل,"O He, Who is great above all,"
4,يَا مُنْشِئَ السَّحَابِ الثِّقَاِل,"O He, Who creates heavy clouds,"
4,يَا مَنْ هُوَ شَدِيدُ الْمِحَاِل,"O He, Who is the most powerful,"
4,يَا مَنْ هُوَ سَرِيعُ الْحِسَابِ,"O He, Who is quick to reckon,"
4,يَا مَنْ هُوَ شَدِيدُ الْعِقَابِ,"O He, Who metes out the severest punishment,"
4,يَا مَنْ عِنْدَهُ حُسْنُ الثَّوَابِ,"O He, with Whom is the excellent reward,"
4,يَا مَنْ عِنْدَهُ أُمُّ الْكِتَابِ,"O He, with Whom is the Original Book."
5,"سُبْحَانَكَ يَا لَا إِلَهَ إِلاَّ أَنْتَ, الْغَوْثَ الْغَوْثَ, خَلِّصْنَا مِنَ النَّارِ يَا رَبِّ","Praise be to You, there is no god but You, I beseech You for relief, relief, Protect us from the Fire, O Lord
5 TO ACHIEVE RENOWN, SUCCESS"
5,اللَّهُمَّ إِنِّي أَسْألُكَ بِاسْمِكَ,"O Allah, Verily I beseech You in Your name:"
5,يَا حَنَّانُ يَا مَنَّانُ,"O Charitable One, O Benefactor,"
5,يَا دَيَّانُ يَا بُرْهَانُ,"O Judge, O Proof,"
5,يَا سُلْطَانُ يَا رِضْوَانُ,"O Sovereign, O Approver,"
5,يَا غُفْرَانُ يَا سُبْحَانُ يَا مُسْتَعَانُ,"O Forgiver, O Elevated One, O Helper,"
5,يَا ذَا الْمَنِّ وَالْبَيَانِ,O Holder of blessings and manifestation.
6,"سُبْحَانَكَ يَا لَا إِلَهَ إِلاَّ أَنْتَ, الْغَوْثَ الْغَوْثَ, خَلِّصْنَا مِنَ النَّارِ يَا رَبِّ","Praise be to You, there is no god but You, I beseech You for relief, relief, Protect us from the Fire, O Lord
6 TO OBTAIN BLESSINGS, RANKS"
6,يَا مَن تَوَاضَعَ كُلُّ شَيْءٍ لِّعَظَمَتِهِ,"O He before Whose greatness everything bows,"
6,يَا مَنْ اسْتَسلَمَ كُلُّ شَيْءٍ لِّقُدْرَتِهِ,"O He before Whose power everything submits,"
6,يَا مَن ذَلَّ كُلُّ شَيْءٍ لِّعِزَّتِهِ,"O He before Whose might overshadows everything,"
6,يَا مَنْ خَضَعَ كُلُّ شَيْءٍ لِّهَيْبَتِهِ,"O He before Whose awesomeness everything is humbled,"
6,يَا مَنْ انْقَادَ كُلُّ شَيْءٍ مِّنْ خَشْيَتِهِ,"O He before Whose fearsomeness everything yields,"
6,يَا مَن تَشَقَّقَتِ الْجِبَالُ مِن مَّخَافَتِهِ,"O He before Whose terribleness mountains shake,"
6,يَا مَن قَامَتِ السَّمَاوَاتُ بِأَمْرِهِ,"O He before Whose command the heavens are raised,"
6,يَا مَنْ اسْتَقَرَّتِ الأَرَضُونَ بِإِذْنِهِ,"O He through Whose permission in the earths are secured,"
6,يَا مَن يُّسَبِّحُ الرَّعْدُ بِحَمْدِهِ,"O He Whose glory the thunder proclaims,"
6,يَا مَن لا يَعْتَدِي عَلَى أَهْلِ مَمْلَكَتِهِ,O He Who is never cruel to His subjects.
7,"سُبْحَانَكَ يَا لَا إِلَهَ إِلاَّ أَنْتَ, الْغَوْثَ الْغَوْثَ, خَلِّصْنَا مِنَ النَّارِ يَا رَبِّ","Praise be to You, there is no god but You, I beseech You for relief, relief, Protect us from the Fire, O Lord
7 TO DISPERSE CALAMITIES"
7,يَا غَافِرَ الْخَطَايَا,"O Forgiver of sins,"
7,يَا كَاشِفَ الْبَلاَيَا,"O Dispeller of tribulations,"
7,يَا مُنْتَهَى الرَّجَايَا,"O Aim of hopes,"
7,يَا مُجْزِلَ الْعَطَايَا,"O Giver of abundant gifts,"
7,يَا وَاهِبَ الْهَدَايَا,"O Bestower of bounties,"
7,يَا رَازِقَ الْبَرَايَا,"O Provider of creatures,"
7,يَا قَاضِي الْمَنَايَا,"O Judge of destinies,"
7,يَا سَامِعَ الشَّكَايَا,"O Hearer of complaints,"
7,يَا بَاعِثَ الْبَرَايَا,"O Resurrector of creatures,"
7,يَا مُطْلِقَ الأُسَارَى,O Freer of captives.
8,"سُبْحَانَكَ يَا لَا إِلَهَ إِلاَّ أَنْتَ, الْغَوْثَ الْغَوْثَ, خَلِّصْنَا مِنَ النَّارِ يَا رَبِّ","Praise be to You, there is no god but You, I beseech You for relief, relief, Protect us from the Fire, O Lord
8 TO ASK PARDON"
8,يَا ذَا الْحَمْدِ وَالثَّنَاءِ,"O He, to Whom is due all praise and adoration,"
8,يَا ذَا الْفَخْرِ وَالْبَهَاءِ,"O He, Who holds all pride and eminence,"
8,يَا ذَا الْمَجْدِ وَالسَّنَاءِ,"O He, Who holds all honour and rank,"
8,يَا ذَا الْعَهْدِ وَالْوَفَاءِ,"O He, Who makes promises and honours them,"
8,يَا ذَا الْعَفْوِ وَالرِّضَاءِ,"O He, Who pardons and is content,"
8,يَا ذَا الْمَنِّ وَالْعَطَاءِ,"O He, Who holds all abundance and provides,"
8,يَا ذَا الْفَصْلِ وَالْقَضَاءِ,"O He, Who holds decision and judgement,"
8,يَا ذَا الْعِزِّ وَالْبَقَاءِ,"O He, Who is glorious and eternal,"
8,يَا ذَا الْجُودِ وَالسَّخَاءِ,"O He, Who is liberal and munificent,"
8,يَا ذَا الآلاءِ وَالنَّعْمَاءِ,"O He, Who holds all blessings and bounties."
9,"سُبْحَانَكَ يَا لَا إِلَهَ إِلاَّ أَنْتَ, الْغَوْثَ الْغَوْثَ, خَلِّصْنَا مِنَ النَّارِ يَا رَبِّ","Praise be to You, there is no god but You, I beseech You for relief, relief, Protect us from the Fire, O Lord
9 TO CLEAR AWAY FEAR & DISEASE"
9,اللَّهُمَّ إِنِّي أَسْألُكَ بِاسْمِكَ,"O Allah, verily I beseech You in Your name:"
9,يَا مَانِعُ يَا دَافِعُ,"O Preventer of misfortune, O Repeller of calamities."
9,يَا رَافِعُ يَا صَانِعُ,"O Elevator of rank, O Fashioner,"
9,يَا نَافِعُ يَا سَامِعُ,"O Benefiter O Hearer,"
9,يَا جَامِعُ يَا شَافِعُ,"O Aggregator, O Intercessor,"
9,يَا وَاسِعُ يَا مُوسِعُ,"O Magnanimous, O Increaser."
10,"سُبْحَانَكَ يَا لَا إِلَهَ إِلاَّ أَنْتَ, الْغَوْثَ الْغَوْثَ, خَلِّصْنَا مِنَ النَّارِ يَا رَبِّ","Praise be to You, there is no god but You, I beseech You for relief, relief, Protect us from the Fire, O Lord
10 TO GET CONDUCT APPROVED"
10,يَا صَانِعَ كُلِّ مصْنُوعٍ,"O Fashioner of every fashioned thing,"
10,يَّا خَاِلقَ كُلِّ مَخْلُوقٍ,"O Creator of every created thing,"
10,يَّا رَازِقَ كُلِّ مَرْزُوقٍ,"O Provider for every needy thing,"
10,يَّا مَاِلكَ كُلِّ مَمْلُوكٍ,"O Sovereign over all subjects,"
10,يَّا كَاشِفَ كُلِّ مَكْرُوبٍ,"O Dispeller of every hardship,"
10,يَّا فَاِرجَ كُلِّ مَهْمُومٍ,"O Comforter of every griever,"
10,يَّا رَاحِمَ كُلِّ مَرْحُومٍ,"O Merciful to every sufferer,"
10,يَّا نَاصِرَ كُلِّ مَخْذُولٍ,"O Helper of everything forsaken,"
10,يَّا سَاتِرَ كُلِّ مَعْيُوبٍ,"O Concealer of every blemished thing,"
10,يَّا مَلْجَأَ كُلِّ مَطْرُودٍ,O Shelter for every exile.
11,"سُبْحَانَكَ يَا لَا إِلَهَ إِلاَّ أَنْتَ, الْغَوْثَ الْغَوْثَ, خَلِّصْنَا مِنَ النَّارِ يَا رَبِّ","Praise be to You, there is no god but You, I beseech You for relief, relief, Protect us from the Fire, O Lord
11 TO AVOID EVIL & GAIN PROSPERITY"
11,يَا عُدَّتِي عِنْدَ شِدَّتِي,"O Provider in my hardship,"
11,يَا رَجَائِي عِنْدَ مُصِيبَتِي,"O Source of Hope in my misfortune,"
11,يَا مُؤْنِسِي عِنْدَ وَحْشَتِي,"O Companion in my isolation,"
11,يَا صَاحِبِي عِنْدَ غُرْبَتِي,"O Fellow Traveller in my journey,"
11,يَا وَلِيِّي عِنْدَ نِعْمَتِي,"O Friend in my ease,"
11,يَا غِيَاثِي عِنْدَ كُرْبَتِي,"O Rescuer from my trials,"
11,يَا دَلِيلِي عِنْدَ حَيْرَتِي,"O Guide in my perplexity,"
11,يَا غِنَائِي عِنْدَ افْتِقَارِي,"O Resource in my neediness,"
11,يَا مَلْجَئِي عِنْدَ اضْطِرَارِي,"O Shelter in my helplessness,"
11,يَا مُعِينِي عِنْدَ مَفْزَعِي,O Deliverer from my fears.
12,"سُبْحَانَكَ يَا لَا إِلَهَ إِلاَّ أَنْتَ, الْغَوْثَ الْغَوْثَ, خَلِّصْنَا مِنَ النَّارِ يَا رَبِّ","Praise be to You, there is no god but You, I beseech You for relief, relief, Protect us from the Fire, O Lord
12 TO DISMISS AFFLICTION & SECURE GOOD FORTUNE"
12,يَا عَلاَّمَ الْغُيُوبِ,"O Knower of the unseen,"
12,يَا غَفَّارَ الذُّنُوبِ،,"O Forgiver of sins,"
12,يَا سَتَّارَ الْعُيُوبِ,"O Concealer of defects,"
12,يَا كَاشِفَ الْكُرُوبِ,"O Expeller of pain,"
12,يَا مُقَلِّبَ الْقُلُوبِ,O Transformer of the hearts
12,يَا طَبِيبَ الْقُلُوبِ,"O Physician of the hearts,"
12,يَا مُنَوِّرَ الْقُلُوبِ,"O Illuminator of the hearts,"
12,يَا أَنِيسَ الْقُلُوبِ,"O Intimate of the hearts,"
12,يَا مُفَرِّجَ الْهُمُومِ,"O Dispeller of anxiety,"
12,يَا مُنَفِّسَ الْغُمُومِ,O Liberator from grief.
13,"سُبْحَانَكَ يَا لَا إِلَهَ إِلاَّ أَنْتَ, الْغَوْثَ الْغَوْثَ, خَلِّصْنَا مِنَ النَّارِ يَا رَبِّ","Praise be to You, there is no god but You, I beseech You for relief, relief, Protect us from the Fire, O Lord
13 TO CURE EYE DISEASE"
13,اللَّهُمَّ إِنِّي أَسْألُكَ بِاسْمِكَ,"O Allah, verily I beseech You in Your name:"
13,يَا جَلِيلُ يَا جَمِيلُ,"O Glorious, O Virtuous,"
13,يَا وَكِيلُ يَا كَفِيلُ,"O Protector, O Patron,"
13,يَا دَلِيلُ يَا قَبِيلُ,"O Guide, O Guarantor,"
13,يَا مُدِيلُ يَا مُنِيلُ,"O Bestower of Wealth, O Bestower of blessings,"
13,يَا مُقِيلُ يَا مُحِيلُ,"O Bestower of strength, O Acceptor of repentance."
14,"سُبْحَانَكَ يَا لَا إِلَهَ إِلاَّ أَنْتَ, الْغَوْثَ الْغَوْثَ, خَلِّصْنَا مِنَ النَّارِ يَا رَبِّ","Praise be to You, there is no god but You, I beseech You for relief, relief, Protect us from the Fire, O Lord
14 TO INCREASE HEALTH"
14,يَا دَلِيلَ الْمُتَحَيِّرِينَ,"O Guide of the waylaid,"
14,يَا غِيَاثَ الْمُسْتَغِيثِينَ,"O Rescuer of those who appeal,"
14,يَا صَرِيخَ الْمُسْتَصْرِخِينَ,"O Helper of those who call,"
14,يَا جَارَ الْمُسْتَجِيرِينَ,"O Aider of those who call,"
14,يَا أَمَانَ الْخَائِفِينَ,"O Shelter of the fearful,"
14,يَا عَوْنَ الْمُؤْمِنِينَ,"O Succourer of the faithful,"
14,يَا رَاحِمَ الْمَسَاكِينَ,"O Merciful to the indigent,"
14,يَا مَلْجَأَ الْعَاصِينَ,"O Refuge for the disobedient,"
14,يَا غَافِرَ الْمُذْنِبِينَ,"O Forgiver of the sinner,"
14,يَا مُجِيبَ دَعْوَةِ الْمُضْطَرِّينَ,O Responder to the supplicant
15,"سُبْحَانَكَ يَا لَا إِلَهَ إِلاَّ أَنْتَ, الْغَوْثَ الْغَوْثَ, خَلِّصْنَا مِنَ النَّارِ يَا رَبِّ","Praise be to You, there is no god but You, I beseech You for relief, relief, Protect us from the Fire, O Lord
15 TO ASK FOR MORE BENEFITS"
15,يَا ذَا الْجُودِ وَالإِحْسَانِ,"O Master of liberality and beneficence,"
15,يَا ذَا الْفَضْلِ وَالإمْتِنَانِ,"O Most gracious and obliging,"
15,يَا ذَا الأَمْنِ وَالأَمَانِ,"O Master of peace and security,"
15,يَا ذَا الْقُدْسِ وَالسُّبْحَانِ,"O Most holy and above all defects,"
15,يَا ذَا الْحِكْمَةِ وَالْبَيَانِ,"O Master of wisdom and manifestation,"
15,يَا ذَا الرَّحْمَةِ وَالرِّضْوَانِ,"O Master of mercy and satisfaction,"
15,يَا ذَا الْحُجَّةِ وَالْبُرْهَانِ,"O Master of argument and proof,"
15,يَا ذَا الْعَظَمَةِ وَالسُّلْطَانِ,"O Master of grandeur and sovereignty,"
15,يَا ذَا الرَّأْفَةِ وَالْمُسْتَعَانِ,"O Master of kindness and succour,"
15,يَا ذَا الْعَفْوِ وَالْغُفْرَانِ,O Master of pardon and forgiveness.
16,"سُبْحَانَكَ يَا لَا إِلَهَ إِلاَّ أَنْتَ, الْغَوْثَ الْغَوْثَ, خَلِّصْنَا مِنَ النَّارِ يَا رَبِّ","Praise be to You, there is no god but You, I beseech You for relief, relief, Protect us from the Fire, O Lord
16 TO SOLVE PROBLEMS"
16,يَّا مَنْ هُوَ رَبُّ كُلِّ شَيْءٍ,"O He, Who is the Lord over all things,"
16,يَّا مَنْ هُوَ إِلَهُ كُلِّ شَيْءٍ,"O He, Who is the Allah of all things,"
16,يَّا مَنْ هُوَ خَاِلقُ كُلِّ شَيْءٍ,"O He, Who is the Creator of all things,"
16,يَّا مَنْ هُوَ صَانِعُ كُلِّ شَيْءٍ,"O He, Who is the Fashioner of all things,"
16,يَّا مَنْ هُوَ قَبْلَ كُلِّ شَيْءٍ,"O He, Who is the Preceder of all things,"
16,يَّا مَنْ هُوَ بَعْدَ كُلِّ شَيْءٍ,"O He, Who is the Successor of all things,"
16,يَّا مَنْ هُوَ فَوْقَ كُلِّ شَيْءٍ,"O He, Who is above all things,"
16,يَّا مَنْ هُوَ عَاِلمٌ بِكُلِّ شَيْءٍ,"O He, Who knows all things,"
16,يَّا مَنْ هُوَ قَادِرٌ عَلَى كُلِّ شَيْءٍ,"O He, Who is Powerful over all things,"
16,يَّا مَنْ هُوَ يَبْقَى وَيَفْنَى كُلُّ شَيْءٍ,"O He, Who is the Sustainer and Extinguisher of all things,"
17,"سُبْحَانَكَ يَا لَا إِلَهَ إِلاَّ أَنْتَ, الْغَوْثَ الْغَوْثَ, خَلِّصْنَا مِنَ النَّارِ يَا رَبِّ","Praise be to You, there is no god but You, I beseech You for relief, relief, Protect us from the Fire, O Lord
17 TO SUCCEED IN ALL TASKS"
17,اللَّهُمَّ إِنِّي أَسْألُكَ بِاسْمِكَ,"O Allah, verily I beseech You in Your name:"
17,يَا مُؤْمِنُ يَا مُهَيْمِنُ,"O Securer of safety, O Protector,"
17,يَا مُكَوِّنُ يَا مُلَقِّنُ,"O Bestower of being, O Bestower of knowledge,"
17,يَا مُبَيِّنُ يَا مُهَوِّنُ,"O Manifester, O Facilitator,"
17,يَا مُمَكِّنُ يَا مُزَيِّنُ,"O Provider of place, O Adorner,"
17,يَا مُعْلِنُ يَا مُقْسِّمُ,"O Proclaimer, O Distributor."
18,"سُبْحَانَكَ يَا لَا إِلَهَ إِلاَّ أَنْتَ, الْغَوْثَ الْغَوْثَ, خَلِّصْنَا مِنَ النَّارِ يَا رَبِّ","Praise be to You, there is no god but You, I beseech You for relief, relief, Protect us from the Fire, O Lord
18 TO INCREASE LIVELIHOOD"
18,يَّا مَنْ هُوَ فِي مُلْكِهِ مُقِيمٌ,"O Everlasting in His Kingdom,"
18,يَّا مَنْ هُوَ فِي سُلْطَانِهِ قَدِيمٌ,"O Eternal in His sovereignty,"
18,يَّا مَنْ هُوَ فِي جَلاَلِهِ عَظِيمٌ,"O Greatest in His grandeur,"
18,يَّا مَنْ هُوَ عَلَى عِبَادِهِ رَحِيمٌ,"O Most Merciful to His servants,"
18,يَّا مَنْ هُوَ بِكُلِّ شَيْءٍ عَلِيمٌ,"O Knower of everything,"
18,يَّا مَنْ هُوَ بِمَنْ عَصَاهُ حَلِيمٌ,"O Forbearing to him who disobeys Him,"
18,يَّا مَنْ هُوَ بِمَن رَّجَاهُ كَرِيمٌ,"O Magnanimous to him who places his hope in Him,"
18,يَّا مَنْ هُوَ فِي صُنْعِهِ حَكِيمٌ,"O He Who is Wise over what He has fashioned,"
18,يَّا مَنْ هُوَ فِي حِكْمَتِهِ لَطِيفٌ,"O He Who is Subtle in His Wisdom,"
18,يَّا مَنْ هُوَ فِي لُطْفِهِ قَدِيمٌ,O He Who is Eternal in His Kindness.
19,"سُبْحَانَكَ يَا لَا إِلَهَ إِلاَّ أَنْتَ, الْغَوْثَ الْغَوْثَ, خَلِّصْنَا مِنَ النَّارِ يَا رَبِّ","Praise be to You, there is no god but You, I beseech You for relief, relief, Protect us from the Fire, O Lord
19 TO ATTAIN DISTINCTION"
19,يَا مَن لا يُرْجَى إِلاَّ فَضْلُهُ,"O He, from Whom no hope is entertained save by His Grace,"
19,يَا مَن لا يُسْأَلُ إِلاَّ عَفْوُهُ,"O He, from Whom nothing is begged save His Pardon,"
19,يَا مَن لا يُنْظَرُ إِلاَّ بِرُّهُ,"O He, of Whom nothing is seen save His Goodness,"
19,يَا مَن لا يُخَافُ إِلاَّ عَدْلُهُ,"O He, from Whom nothing is feared save His Justice,"
19,يَا مَن لا يَدُومُ إِلاَّ مُلْكُهُ,"O He, Whose sovereignty alone of eternal,"
19,يَا مَن لا سُلْطَانَ إِلاَّ سُلْطَانُهُ,"O He, Who alone has true majesty,"
19,يَا مَن وَّسِعَتْ كُلَّ شَيْءٍ رَّحْمَتُهُ,"O He, Whose blessings extend to all,"
19,يَا مَنْ سَبَقَتْ رَحْمَتُهُ غَضَبَهُ,"O He, Whose Wrath is surpassed by His Mercy,"
19,يَا مَنْ أَحَاطَ بِكُلِّ شَيْءٍ عِلْمُهُ,"O He, Whose knowledge encompasses everything,"
19,يَا مَن لَّيْسَ أَحَدٌ مِّثْلَهُ,"O He, Who is without equal,"
20,"سُبْحَانَكَ يَا لَا إِلَهَ إِلاَّ أَنْتَ, الْغَوْثَ الْغَوْثَ, خَلِّصْنَا مِنَ النَّارِ يَا رَبِّ","Praise be to You, there is no god but You, I beseech You for relief, relief, Protect us from the Fire, O Lord
20 TO DISPERSE WORRIES"
20,يَا فَارِجَ الْهَمِّ,"O Remover of anxiety,"
20,يَا كَاشِفَ الْغَمِّ,"O Expeller of sorrow,"
20,يَا غَافِرَ الذَّنْبِ,"O Forgiver of sins,"
20,يَا قَابِلَ التَّوْبِ,"O Acceptor of repentance,"
20,يَا خَاِلقَ الْخَلْقِ,"O Creator of creatures,"
20,يَا صَادِقَ الْوَعْدِ,"O Truthful in promises,"
20,يَا مُوفِي الْعَهْدِ,"O Fulfiller of promises,"
20,يَا عَالِمَ السِّرِّ,"O Knower of secrets,"
20,يَا فَاِلقَ الْحَبِّ,"O Splitter of seed,"
20,يَا رَازِقَ الأَنَامِ,O Provider for creatures.
21,"سُبْحَانَكَ يَا لَا إِلَهَ إِلاَّ أَنْتَ, الْغَوْثَ الْغَوْثَ, خَلِّصْنَا مِنَ النَّارِ يَا رَبِّ","Praise be to You, there is no god but You, I beseech You for relief, relief, Protect us from the Fire, O Lord
21 TO ASK FOR PARDON"
21,اللَّهُمَّ إِنِّي أَسْألُكَ بِاسْمِكَ,"O Allah, verily I beseech You in Your name:"
21,يَا عَلِيُّ يَا وَفِيُّ,"O High, O Perfect"
21,يَا غَنِيُّ يَا مَلِيُّ,"O Independent, O Rich,"
21,يَا حَفِيُّ يَا رَضِيُّ,"O Kind, O Agreeable"
21,يَا زَكِيُّ يَا بَدِيُّ,"O Purifier, O Eternal,"
21,يَا قَوِيُّ يَا وَلِيُّ,"O Mighty, O Friend."
22,"سُبْحَانَكَ يَا لَا إِلَهَ إِلاَّ أَنْتَ, الْغَوْثَ الْغَوْثَ, خَلِّصْنَا مِنَ النَّارِ يَا رَبِّ","Praise be to You, there is no god but You, I beseech You for relief, relief, Protect us from the Fire, O Lord
22 TO INCREASE LIVELIHOOD"
22,يَا مَنْ أَظْهَرَ الْجَمِيلَ,"O He, Who reveals virtue,"
22,يَا مَنْ سَتَرَ الْقَبِيحَ,"O He, Who conceals vice,"
22,يَا مَن لَّمْ يُؤَاخِذْ بِالْجَرِيرَةِ,"O He Who does not call to severe account for sins,"
22,يَا مَن لَّمْ يَهْتِكِ السِّتْرَ,"O He, Who does not disclose the disgrace of His servants,"
22,يَا عَظِيمَ الْعَفْوِ,"O He, Who is the best forgiver,"
22,يَا حَسَنَ التَّجَاوُزِ,"O He, Who overlooks errancy,"
22,يَا وَاسِعَ الْمَغْفِرَةِ,"O He, Whose forgiveness extends over all."
22,يَا بَاسِطَ الْيَدَيْنِ بِالرِّحْمَةِ,"O He, Whose Hands are stretched forth in mercy,"
22,يَا صَاحِبَ كُلِّ نَجْوًى,"O He, Who knows all secrets,"
22,يَّا مُنْتَهَى كُلِّ شَكْوًى,"O He, to Whom all complaints are directed."
23,"سُبْحَانَكَ يَا لَا إِلَهَ إِلاَّ أَنْتَ, الْغَوْثَ الْغَوْثَ, خَلِّصْنَا مِنَ النَّارِ يَا رَبِّ","Praise be to You, there is no god but You, I beseech You for relief, relief, Protect us from the Fire, O Lord
23 TO GET MORE BENEFICIENCE"
23,يَّا ذَا النِّعْمَةِ السَّابِغَةِ,"O Master of countless blessings,"
23,يَا ذَا الرَّحْمَةِ الْوَاسِعَةِ,"O Master of limitless mercy,"
23,يَا ذَا الْمِنَّةِ السَّابِقَةِ,"O Master surpassing all obligation,"
23,يَا ذَا الْحِكْمَةِ الْبَاِلغَةِ,"O Master of perfect wisdom,"
23,يَا ذَا الْقُدْرَةِ الْكَامِلَةِ,"O Master of infinite might,"
23,يَا ذَا الْحُجَّةِ الْقَاطِعَةِ,"O Master of the decisive argument,"
23,يَا ذَا الْكَرَامَةِ الظَّاهِرَةِ,"O Master of the manifest miracle,"
23,يَا ذَا الْعِزَّةِ الدَّائِمَةِ,"O Master of perpetual prestige,"
23,يَا ذَا الْقُوَّةِ الْمَتِينَةِ,"O Master of great strength,"
23,يَا ذَا الْعَظَمَةِ الْمَنِيعَةِ,O Master of unsurpassable glory
24,"سُبْحَانَكَ يَا لَا إِلَهَ إِلاَّ أَنْتَ, الْغَوْثَ الْغَوْثَ, خَلِّصْنَا مِنَ النَّارِ يَا رَبِّ","Praise be to You, there is no god but You, I beseech You for relief, relief, Protect us from the Fire, O Lord
24 TO RECEIVE ALLAH’S BLISS"
24,يَا بَدِيَعَ السَّمَاوَاتِ,"O Originator of the heavens,"
24,يَا جَاعِلَ الظُّلُمَاتِ,"O Maker of darkness,"
24,يَا رَاحِمَ الْعَبَرَاتِ,"O Merciful to those who weep,"
24,يَا مُقِيلَ الْعَثَرَاتِ,"O He Who oversees slips and errors,"
24,يَا سَاتِرَ الْعَوْرَاتِ,"O Concealer of defects,"
24,يَا مُحْيِي الأَمْوَاتِ,"O Reviver of the dead,"
24,يَا مُنْزِلَ الآيَاتِ,"O Revealer of signs,"
24,يَا مُضَعِّفَ الْحَسَنَاتِ,"O Increaser of virtue,"
24,يَا مَاحِي السَّيِّئَاتِ,"O Who rubs out vices,"
24,يَا شَدِيدَ النَّقِمَاتِ,O He Who calls to account.
25,"سُبْحَانَكَ يَا لَا إِلَهَ إِلاَّ أَنْتَ, الْغَوْثَ الْغَوْثَ, خَلِّصْنَا مِنَ النَّارِ يَا رَبِّ","Praise be to You, there is no god but You, I beseech You for relief, relief, Protect us from the Fire, O Lord
25 TO DISPELL ILL-LUCK"
25,اللَّهُمَّ إِنِّي أَسْألُكَ بِاسْمِكَ,"O Allah, verily I beseech You in Your name:"
25,يَا مُصَوِّرُ يَا مُقَدِّرُ,"O Fashioner, O Preordainer,"
25,يَا مُدَبِّرُ يَا مُطَهِّرُ,"O Planner, O Purifier,"
25,يَا مُنَوِّرُ يَا مُيَسِّرُ,"O Illuminator, O Facilitator,"
25,يَا مُبَشِّرُ يَا مُنْذِرُ,"O Giver of glad tidings, O Warner,"
25,يَا مُقَدِّمُ يَا مُؤَخِّرُ,"O Giver of precedence, O Postponer."
26,"سُبْحَانَكَ يَا لَا إِلَهَ إِلاَّ أَنْتَ, الْغَوْثَ الْغَوْثَ, خَلِّصْنَا مِنَ النَّارِ يَا رَبِّ","Praise be to You, there is no god but You, I beseech You for relief, relief, Protect us from the Fire, O Lord
26 TO GET RID OF FEVER"
26,يَا رَبَّ الْبَيْتِ الْحَرَامِ,"O Lord of the Sanctuary,"
26,يَا رَبَّ الشَّهْرِ الْحَرَامِ,"O Lord of the holy month,"
26,يَا رَبَّ الْبَلَدِ الْحَرَامِ,"O Lord of the Holy City,"
26,يَا رَبَّ الرُّكْنِ وَالْمَقَامِ,"O Lord of the Rukn and the Maqam,"
26,يَا رَبَّ الْمَشْعَرِ الْحَرَامِ,"O Lord of the Mashair of Mecca,"
26,يَا رَبَّ الْمَسْجِدِ الْحَرَامِ,"O Lord of the Holy Mosque in Mecca,"
26,يَا رَبَّ الْحِلِّ وَالْحَرَامِ,"O Lord of what is lawful and what is proscribed,"
26,يَا رَبَّ النُّورِ وَالظَّلاَمِ,"O Lord of light and darkness,"
26,يَا رَبَّ التَّحِيَّةِ وَالسَّلاَمِ,"O Lord of salutation and peace,"
26,يَا رَبَّ الْقُدْرَةِ فِي الأَنَامِ,O Lord of strength among creatures.
27,"سُبْحَانَكَ يَا لَا إِلَهَ إِلاَّ أَنْتَ, الْغَوْثَ الْغَوْثَ, خَلِّصْنَا مِنَ النَّارِ يَا رَبِّ","Praise be to You, there is no god but You, I beseech You for relief, relief, Protect us from the Fire, O Lord
27 TO DISMISS FEAR OF RULERS"
27,يَا أَحْكَمَ الْحَاكِمِينَ,"O Highest of all authorities,"
27,يَا أَعْدَلَ الْعَادِلِينَ,"O Most Just of all the just,"
27,يَا أَصْدَقَ الصَّادِقِينَ,"O Most Trustworthy of all the trustworthy,"
27,يَا أَطْهَرَ الطَّاهِرِينَ,"O Purest of the pure,"
27,يَا أَحْسَنَ الْخَاِلقِينَ,"O Best of creators,"
27,يَا أَسْرَعَ الْحَاسِبِينَ,"O Quickest Reckoner,"
27,يَا أَسْمَعَ السَّامِعِينَ,"O Best of listeners,"
27,يَا أَبْصَرَ النَّاظِرِينَ,"O Most vigilant of invigilators,"
27,يَا أَشْفَعَ الشَّافِعِينَ,"O Best of intercessors,"
27,يَا أَكْرَمَ الأَكْرَمِينَ,O Most honourable of all.
28,"سُبْحَانَكَ يَا لَا إِلَهَ إِلاَّ أَنْتَ, الْغَوْثَ الْغَوْثَ, خَلِّصْنَا مِنَ النَّارِ يَا رَبِّ","Praise be to You, there is no god but You, I beseech You for relief, relief, Protect us from the Fire, O Lord
28 TO CURE MIGRANE"
28,يَا عِمَادَ مَن لا عِمَادَ لَهُ,"O Supporter of the unsupported,"
28,يَا سَنَدَ مَن لا سَنَدَ لَهُ,"O Helper of the helpless,"
28,يَا ذُخْرَ مَن لا ذُخْرَ لَهُ,"O Protector of the unprotected,"
28,يَا حِرْزَ مَن لا حِرْزَ لَهُ,"O Shield for the defenseless,"
28,يَا غِيَاثَ مَن لا غِيَاثَ لَهُ,"O Hearer of the unheard appeal,"
28,يَا فَخْرَ مَن لا فَخْرَ لَهُ,"O Pride of those without pride,"
28,يَا عِزَّ مَن لا عِزَّ لَهُ,"O Honour of the honourless,"
28,يَا مُعِينَ مَن لا مُعِينَ لَهُ,"O Giver of Aid to the unaided,"
28,يَا أَنِيسَ مَن لا أَنِيسَ لَهُ,"O Friend of the forsaken,"
28,يَا أَمَانَ مَن لا أَمَانَ لَهُ,O Shelter of the shelterless.
29,"سُبْحَانَكَ يَا لَا إِلَهَ إِلاَّ أَنْتَ, الْغَوْثَ الْغَوْثَ, خَلِّصْنَا مِنَ النَّارِ يَا رَبِّ","Praise be to You, there is no god but You, I beseech You for relief, relief, Protect us from the Fire, O Lord
29 TO BUILD UP DEFENCE"
29,اللَّهُمَّ إِنِّي أَسْألُكَ بِاسْمِكَ,"O Allah, verily I beseech You in Your name:"
29,يَا عَاصِمُ يَا قَائِمُ,"O Protector, O Persistent,"
29,يَا دَائِمُ يَا رَاحِمُ,"O Eternal, O Merciful,"
29,يَا سَالِمُ يَا حَاكِمُ,"O Accorder of peace,"
29,يَا عَالِمُ يَا قَاسِمُ,"O Omniscient, O Distributor,"
29,يَا قَابِضُ يَا بَاسِطُ,"O Preventer, O Opener."
30,"سُبْحَانَكَ يَا لَا إِلَهَ إِلاَّ أَنْتَ, الْغَوْثَ الْغَوْثَ, خَلِّصْنَا مِنَ النَّارِ يَا رَبِّ","Praise be to You, there is no god but You, I beseech You for relief, relief, Protect us from the Fire, O Lord
30 TO WIN WAR"
30,يَا عَاصِمَ مَنِ اسْتَعْصَمَهُ,"O Protector of he who seeks His protection,"
30,يَا رَاحِمَ مَنِ اسْتَرْحَمَهُ,"O Merciful to he who requests His mercy,"
30,يَا غَافِرَ مَنِ اسْتَغْفَرَهُ,"O Forgiver of the implore His forgiveness,"
30,يَا نَاصِرَ مَنِ اسْتَنْصَرَهُ,"O Helper of he who asks for His help,"
30,يَا حَافِظَ مَنِ اسْتَحْفَظَهُ,"O Protector of he who seeks His protection,"
30,يَا مُكْرِمَ مَنِ اسْتَكْرَمَهُ,"O Magnanimous to he who seeks His magnanimity,"
30,يَا مُرْشِدَ مَنِ اسْتَرْشَدَهُ,"O Guide for he who seeks His guidance,"
30,يَا صَرِيخَ مَنِ اسْتَصْرَخَهُ,"O Giver of Aid to he who seeks His aid,"
30,يَا مُعِينَ مَنِ اسْتَعَانَهُ،,"O Helper of he who appeals to Him,"
30,يَا مُغِيثَ مَنِ اسْتَغَاثَهُ,"O Rescuer of he who appeals to Him,"
31,"سُبْحَانَكَ يَا لَا إِلَهَ إِلاَّ أَنْتَ, الْغَوْثَ الْغَوْثَ, خَلِّصْنَا مِنَ النَّارِ يَا رَبِّ","Praise be to You, there is no god but You, I beseech You for relief, relief, Protect us from the Fire, O Lord
31 TO CURE EYE DISEASE"
31,يَا عَزِيزاً لا يُضَامُ,"O Powerful Who is never overpowered,"
31,يَا لَطِيفاً لا يُرَامُ,"O Benign Who is invisible,"
31,يَا قَيُّوماً لا يَنَامُ,"O Self-Subsistent Who never sleeps,"
31,يَا دَائِماً لا يَفُوتُ,"O Eternal Who never perishes,"
31,يَا حَيّاً لا يَمُوتُ,"O Ever-living Who never dies,"
31,يَا مَلِكاً لا يَزُولُ,"O Monarch Whose rule is endless,"
31,يَا بَاقِياً لا يَفْنَى,"O Eternal Who is imperishable,"
31,يَا عَالِماً لا يَجْهَلُ,"O Omniscient Who never forgets,"
31,يَا صَمَداً لا يُطْعَمُ,"O Independent Who needs no sustenance,"
31,يَا قَوِيّاً لا يَضْعُفُ,O Mighty Who never weakens.
32,"سُبْحَانَكَ يَا لَا إِلَهَ إِلاَّ أَنْتَ, الْغَوْثَ الْغَوْثَ, خَلِّصْنَا مِنَ النَّارِ يَا رَبِّ","Praise be to You, there is no god but You, I beseech You for relief, relief, Protect us from the Fire, O Lord
32 TO SUBDUE ENEMIES"
32,اللَّهُمَّ إِنِّي أَسْألُكَ بِاسْمِكَ,"O Allah, verily I beseech You in Your name:"
32,يَا أَحَدُ يَا وَاحِدُ,"O Unique, O One,"
32,يَا شَاهِدُ يَا مَاجِدُ,"O Present, O Praiser,"
32,يَا حَامِدُ يَا رَاشِدُ,"O Exalted, O Guide,"
32,يَا بَاعِثُ يَا وَارِثُ,"O Resurrector, O Heir,"
32,يَا ضَارُّ,"O Harmful to the unjust,"
32,يَا نَافِعُ,O Beneficial to the just.
33,"سُبْحَانَكَ يَا لَا إِلَهَ إِلاَّ أَنْتَ, الْغَوْثَ الْغَوْثَ, خَلِّصْنَا مِنَ النَّارِ يَا رَبِّ","Praise be to You, there is no god but You, I beseech You for relief, relief, Protect us from the Fire, O Lord
33 TO FACE RULERS"
33,يَا أَعْظَمَ مِنْ كُلِّ عَظِيمٍ,"O Grandest of all the grand,"
33,يَّا أَكْرَمَ مِنْ كُلِّ كَرِيمٍ,"O Most Magnanimous of all the magnanimous,"
33,يَّا أَرْحَمَ مِنْ كُلِّ رَحِيمٍ,"O Most Merciful of all the merciful,"
33,يَّا أَعْلَمَ مِنْ كُلِّ عَلِيمٍ,"O Most Knowledgeable of all knowers,"
33,يَّا أَحْكَمَ مِنْ كُلِّ حَكِيمٍ,"O Most Wise of all the wise,"
33,يَّا أَقْدَمَ مِنْ كُلِّ قَدِيمٍ,"O Most Ancient of all the ancient,"
33,يَّا أَكْبَرَ مِنْ كُلِّ كَبِيرٍ,"O Most Great of all the great,"
33,يَّا أَلْطَفَ مِنْ كُلِّ لَطِيفٍ,"O Most Benign of all the benign,"
33,يَّا أَجَلَّ مِنْ كُلِّ جَلِيلٍ,"O Most Magnificent of all the magnificent,"
33,يَّا أَعَزَّ مِنْ كُلِّ عَزِيزٍ,O Most Mighty of all the mighty.
34,"سُبْحَانَكَ يَا لَا إِلَهَ إِلاَّ أَنْتَ, الْغَوْثَ الْغَوْثَ, خَلِّصْنَا مِنَ النَّارِ يَا رَبِّ","Praise be to You, there is no god but You, I beseech You for relief, relief, Protect us from the Fire, O Lord
34 TO DISPEL FEAR OF DARK NIGHTS"
34,يَا كَرِيمَ الصَّفْحِ,"O Most Magnanimous in overlooking sins,"
34,يَا عَظِيمَ الْمَنِّ,"O Greatest Benefactor,"
34,يَا كَثِيرَ الْخَيْرِ,"O Most Bounteous in goodness,"
34,يَا قَدِيمَ الْفَضْلِ,"O Eternal in grace,"
34,يَا دَائِمَ اللُّطْفِ،,"O Eternal in subtlety,"
34,يَا لَطِيفَ الصُّنْعِ,"O Creator of subtlety,"
34,يَا مُنَفِّسَ الْكَرْبِ,"O Remover of pain,"
34,يَا كَاشِفَ الضُّرِّ,"O Healer of injury,"
34,يَا مَاِلكَ الْمُلْكِ,"O Master of dominion,"
34,يَا قَاضِي الْحَقِّ,O True Judge.
35,"سُبْحَانَكَ يَا لَا إِلَهَ إِلاَّ أَنْتَ, الْغَوْثَ الْغَوْثَ, خَلِّصْنَا مِنَ النَّارِ يَا رَبِّ","Praise be to You, there is no god but You, I beseech You for relief, relief, Protect us from the Fire, O Lord
35 TO CURE TOOTHACHE"
35,يَا مَنْ هُوَ فِي عَهْدِهِ وَفِيٌّ,"O He Who fulfils His promise,"
35,يَّا مَنْ هُوَ فِي وَفَائِهِ قَوِيٌّ,"O He Who is Strong in His fulfillment,"
35,يَّا مَنْ هُوَ فِي قُوَّتِهِ عَلِيٌّ,"O He Who is great in His might,"
35,يَّا مَنْ هُوَ فِي عُلُوُّهِ قَرِيبٌ,"O He Who is near everyone in spite of His greatness,"
35,يَّا مَنْ هُوَ فِي قُرْبِهِ لَطِيفٌ,"O He Who is benign in His weariness,"
35,يَّا مَنْ هُوَ فِي لُطْفِهِ شَرِيفٌ,"O He Who is noble in His benignity,"
35,يَّا مَنْ هُوَ فِي شَرَفِهِ عَزِيزٌ,"O He Who is powerful in His nobility,"
35,يَّا مَنْ هُوَ فِي عِزِّهِ عَظِيمٌ,"O He Who is great in His power,"
35,يَّا مَنْ هُوَ فِي عَظَمَتِهِ مَجِيدٌ,"O He Who is exalted in His greatness,"
35,يَّا مَنْ هُوَ فِي مَجْدِهِ حَمِيدٌ,O He Who is praiseworthy in His exaltation.
36,"سُبْحَانَكَ يَا لَا إِلَهَ إِلاَّ أَنْتَ, الْغَوْثَ الْغَوْثَ, خَلِّصْنَا مِنَ النَّارِ يَا رَبِّ","Praise be to You, there is no god but You, I beseech You for relief, relief, Protect us from the Fire, O Lord
36 TO DRIVE AWAY JINN"
36,اللَّهُمَّ إِنِّي أَسْألُكَ بِاسْمِكَ,"O Allah, verily I beseech You in Your name:"
36,يَا كَافِي يَا شَافِي,"O Sufficient, O Restorer of health,"
36,يَا وَافِي يَا مُعَافِي,"O Faithful, O Forgiver"
36,يَا هَادِي يَا دَاعِي,"O Guide, O Summoner,"
36,يَا قَاضِي يَا رَاضِي,"O Judge, O Agreeable,"
36,يَا عَاِلي يَا بَاقِي,"O High, O Eternal"
37,"سُبْحَانَكَ يَا لَا إِلَهَ إِلاَّ أَنْتَ, الْغَوْثَ الْغَوْثَ, خَلِّصْنَا مِنَ النَّارِ يَا رَبِّ","Praise be to You, there is no god but You, I beseech You for relief, relief, Protect us from the Fire, O Lord
37 TO WIN BATTLE"
37,يَا مَن كُلُّ شَيْءٍ خَاضِعٌ لَّهُ,"O He before Whom everything bows,"
37,يَا مَن كُلُّ شَيْءٍ خَاشِعٌ لَّهُ,"O He before Whom everything is humbled,"
37,يَا مَنْ كُلُّ شَيْءٍ كَائِنٌ لَّهُ,"O He for Whom everything exists,"
37,يَا مَن كُلُّ شَيْءٍ مَّوْجُودٌ بِهِ,"O He to Whom everything owes its existence,"
37,يَا مَن كُلُّ شَيْءٍ مُّنِيبٌ إِلَيْهِ,"O He to Whom everything returns,"
37,يَا مَن كُلُّ شَيْءٍ خَائِفٌ مِّنْهُ,"O He of Whom everything is afraid,"
37,يَا مَن كُلُّ شَيْءٍ قَائِمٌ بِهِ,"O One to Whom everything owes its stability,"
37,يَا مَن كُلُّ شَيْءٍ صَائِرٌ إِلَيْهِ,"O He towards Whom everything retreats,"
37,يَا مَنْ كُلُّ شَيْءٍ يُّسَبِّحُ بِحَمْدِهِ,"O He Whom everything glorifies with praise,"
37,يَا مَن كُلُّ شَيْءٍ هَاِلكٌ إِلاَّ وَجْهَهُ,O He besides Whom everything is perishable.
38,"سُبْحَانَكَ يَا لَا إِلَهَ إِلاَّ أَنْتَ, الْغَوْثَ الْغَوْثَ, خَلِّصْنَا مِنَ النَّارِ يَا رَبِّ","Praise be to You, there is no god but You, I beseech You for relief, relief, Protect us from the Fire, O Lord
38 TO SEEK ALLAH’S HELP"
38,يَا مَن لا مَفَرَّ إِلاَّ إِلَيْهِ,"O He - there is no retreat but towards Him,"
38,يَا مَن لا مَفْزَعَ إِلاَّ إِلَيْهِ,"O He - there is no place of protection except with Him,"
38,يَا مَن لا مَقْصَدَ إِلاَّ إِلَيْهِ,"O He—there is no right path except that which leads to Him,"
38,يَا مَن لا مَنجَىً مِنْهُ إِلاَّ إِلَيْهِ,"O He - there is no shelter against Him but with Him,"
38,يَا مَن لا يُرْغَبُ إِلاَّ إلَيهِ,"O He - there is no inclination towards anyone except Him,"
38,يَا مَن لا حَوْلَ وَلا قُوَّةَ إِلاَّ بِهِ,"O He - there is no strength and vigour but from Him,"
38,يَا مَن لا يُسْتَعَانُ إِلاَّ بِهِ,O He - none is invoked for help but He.
38,يَا مَن لا يُتَوَكَّلُ إِلاَّ عَلَيْهِ,"O He - trust is not reposed in anyone but He,"
38,يَا مَن لا يُرْجَى إِلاَّ هُوَ,"O He - hope is not entertained from anyone except from He,"
38,يَا مَن لا يُعْبَدُ إِلاَّ هُوَ,O He - none is worshipped except He
39,"سُبْحَانَكَ يَا لَا إِلَهَ إِلاَّ أَنْتَ, الْغَوْثَ الْغَوْثَ, خَلِّصْنَا مِنَ النَّارِ يَا رَبِّ","Praise be to You, there is no god but You, I beseech You for relief, relief, Protect us from the Fire, O Lord
39 TO OVERWHELM ENEMY"
39,يَا خَيْرَ الْمَرْهُوبِينَ,"O Best of those who are feared,"
39,يَا خَيْرَ الْمَرْغُوبِينَ,"O Best of those who are liked,"
39,يَا خَيْرَ الْمَطْلُوبِينَ,"O Best of those who are sought,"
39,يَا خَيْرَ الْمَسْؤُولِينَ,"O Best of those who are entreated,"
39,يَا خَيْرَ الْمَقْصُودِينَ,"O Best of those who are longed for,"
39,يَا خَيْرَ الْمَذْكُورِينَ,"O Best of those who are remembered,"
39,يَا خَيْرَ الْمَشْكُورِينَ,"O Best of those to whom thanks are offered,"
39,يَا خَيْرَ الْمَحْبُوبِينَ,"O Best of those who are loved,"
39,يَا خَيْرَ الْمَدْعُوِّينَ,"O Best of those who are called on,"
39,يَا خَيْرَ الْمُسْتَأْنِسِينَ,O Best of those who are held in affection.
40,"سُبْحَانَكَ يَا لَا إِلَهَ إِلاَّ أَنْتَ, الْغَوْثَ الْغَوْثَ, خَلِّصْنَا مِنَ النَّارِ يَا رَبِّ","Praise be to You, there is no god but You, I beseech You for relief, relief, Protect us from the Fire, O Lord
40 TO SEEK FORGIVENESS"
40,اللَّهُمَّ إِنِّي أَسْألُكَ بِاسْمِكَ,"O Allah, verily I entreat You in Your name:"
40,يَا غَافِرُ يَا سَاتِرُ,"O Forgiver, O Concealer [of defects]"
40,يَا قَادِرُ يَا قَاهِرُ يَا فَاطِرُ,"O Mighty, O Supreme, O Creator,"
40,يَا كَاسِرُ يَا جَابِرُ,"O Shatterer, O Joiner,"
40,يَا ذَاكِرُ يَا نَاظِرُ يَا نَاصِرُ,"O Rememberer, O Seeing, O Helper."
41,"سُبْحَانَكَ يَا لَا إِلَهَ إِلاَّ أَنْتَ, الْغَوْثَ الْغَوْثَ, خَلِّصْنَا مِنَ النَّارِ يَا رَبِّ","Praise be to You, there is no god but You, I beseech You for relief, relief, Protect us from the Fire, O Lord
41 TO DISPERESE POISONOUS WINDS"
41,يَا مَنْ خَلَقَ فَسَوَّى,"O He Who created and perfected,"
41,يَا مَن قَدَّرَ فَهَدَى,"O He Who made everything to measure and guided,"
41,يَا مَن يَّكْشِفُ الْبَلْوَى,"O He Who removes misfortunes,"
41,يَا مَن يَّسْمَعُ النَّجْوَى,"O He Who overhears secrets,"
41,يَا مَن يُّنْقِذُ الْغَرْقَى,"O He Who rescues the drowning,"
41,يَا مَن يُّنجِي الْهَلْكَى,"O He Who saves the distressed,"
41,يَا مَن يَّشْفِي الْمَرْضَى,"O He Who restores the sick to health,"
41,يَا مَنْ أَضْحَكَ وَأَبْكَى,"O He who makes [His slaves] laugh and weep,"
41,يَا مَنْ أَمَاتَ وَأَحْيَا,"O He Who causes to dies and calls to life,"
41,يَا مَنْ خَلَقَ الزَّوْجَيْنِ الذَّكَرَ وَالأُنْثَى,O He Who has created pairs of male and female.
42,"سُبْحَانَكَ يَا لَا إِلَهَ إِلاَّ أَنْتَ, الْغَوْثَ الْغَوْثَ, خَلِّصْنَا مِنَ النَّارِ يَا رَبِّ","Praise be to You, there is no god but You, I beseech You for relief, relief, Protect us from the Fire, O Lord
42 TO AVOID CALAMITIES"
42,يَا مَن فِي الْبَرِّ وَالْبَحْرِ سَبِيلُهُ,"O He Whose course is on land and in water,"
42,يَا مَن فِي الآفَاقِ آيَاتُهُ,"O He Whose signs are in the universe,"
42,يَا مَن فِي الآيَاتِ بُرْهَانُهُ,"O He in Whose signs are undeniable proofs,"
42,يَا مَن فِي الْمَمَاتِ قُدْرَتُهُ,"O He Whose might is exhibited in causing death,"
42,يَا مَن فِي الْقُبُورِ عِبْرَتُهُ,"O He Whose lesson is in graves,"
42,يَا مَن فِي الْقِيَامَةِ مُلْكُهُ,"O He Whose kingdom will be on the Day of Judgement,"
42,يَا مَن فِي الْحِسَابِ هَيْبَتُهُ,"O He in Whose reckoning of deeds is His dread,"
42,يَا مَن فِي الْمِيزَانِ قَضَاؤُهُ,"O He in Whose balance is His order,"
42,يَا مَن فِي الْجَنَّةِ ثَوَابُهُ,"O He Whose paradise is the place of His good reward,"
42,يَا مَن فِي النَّارِ عِقَابُهُ,O He Whose hell is the place of chastisement.
43,"سُبْحَانَكَ يَا لَا إِلَهَ إِلاَّ أَنْتَ, الْغَوْثَ الْغَوْثَ, خَلِّصْنَا مِنَ النَّارِ يَا رَبِّ","Praise be to You, there is no god but You, I beseech You for relief, relief, Protect us from the Fire, O Lord
43 TO AVOID CALAMITIES"
43,يَا مَنْ إِلَيْهِ يَهْرَبُ الْخَائِفُونَ,"O He - the frightened flee to Him,"
43,يَا مَنْ إِلَيْهِ يَفْزَعُ الْمُذْنِبُونَ,"O He - sinners take shelter with Him,"
43,يَا مَنْ إِلَيْهِ يَقْصِدُ الْمُنِيبُونَ,"O He - the repentant return to Him,"
43,يَا مَنْ إِلَيْهِ يَرْغَبُ الزَّاهِدُونَ,"O He - the pious incline towards Him,"
43,يَا مَنْ إِلَيْهِ يَلْجَأُ الْمُتَحَيِّرُونَ,"O He - the confounded seek shelter in Him,"
43,يَا مَنْ بِهِ يَسْتَأْنِسُ الْمُرِيدُونَ,"O He - the desirous have affliction for Him,"
43,يَا مَنْ بِهِ يَفْتَخِرُ الْمُحِبُّونَ,"O He - lovers are proud of Him,"
43,يَا مَن فِي عَفْوِهِ يَطْمَعُ الْخَاطِئُونَ,"O He - transgressors have agreed for His forgiveness,"
43,يَا مَنْ إِلَيْهِ يَسْكُنُ الْمُوقِنُونَ,"O He - those who are sure in faith receive consolation from Him,"
43,يَا مَنْ عَلَيَهِ يَتَوَكَّلُ الْمُتَوَكِّلُونَ,O He - those who trust Him rely on Him.
44,"سُبْحَانَكَ يَا لَا إِلَهَ إِلاَّ أَنْتَ, الْغَوْثَ الْغَوْثَ, خَلِّصْنَا مِنَ النَّارِ يَا رَبِّ","Praise be to You, there is no god but You, I beseech You for relief, relief, Protect us from the Fire, O Lord
44 TO CULTIVATE LOVE"
44,اللَّهُمَّ إِنِّي أَسْألُكَ بِاسْمِكَ,"O Allah, verily I entreat You in Your name:"
44,يَا حَبِيبُ يَا طَبِيبُ,"O Friend, O physician,"
44,يَا قَرِيبُ يَا رَقِيبُ,"O Near, O Supervisor,"
44,يَا حَسيِبُ يَا مُهِيبُ,"O Reckoner to account, O Awful,"
44,يَا مُثِيبُ يَا مُجِيبُ,"O Rewarder, O Acceptor,"
44,يَا خَبِيرُ يَا بَصِيرُ,"O Aware, O All-Seeing."
45,"سُبْحَانَكَ يَا لَا إِلَهَ إِلاَّ أَنْتَ, الْغَوْثَ الْغَوْثَ, خَلِّصْنَا مِنَ النَّارِ يَا رَبِّ","Praise be to You, there is no god but You, I beseech You for relief, relief, Protect us from the Fire, O Lord
45 TO DISPEL FEARFUL DREAMS"
45,يَا أَقْرَبَ مِنْ كُلِّ قَرِيبٍ,"O Nearest of all,"
45,يَّا أَحَبَّ مِنْ كُلِّ حَبِيبٍ,"O Friendliest of all the friends,"
45,يَّا أَبْصَرَ مِنْ كُلِّ بَصِيرٍ,"O Possessor of greater insight than all others,"
45,يَّا أَخْبَرَ مِنْ كُلِّ خَبِيرٍ,O Most Aware of all
45,يَّا أَشْرَفَ مِنْ كُلِّ شَرِيفٍ,"O Noblest of all the nobles,"
45,يَّا أَرْفَعَ مِنْ كُلِّ رَفِيعٍ,"O Most Exalted of all the exalted,"
45,يَّا أَقْوَى مِنْ كُلِّ قَوِيٍّ,"O Mightiest of all mighty,"
45,يَّا أَغْنَى مِنْ كُلِّ غَنِيٍّ,"O Most Independent of all,"
45,يَّا أَجْوَدَ مِنْ كُلِّ جَوَادٍ,"O Most Generous of all,"
45,يَّا أَرْأَفَ مِنْ كُلِّ رَؤُوفٍ,O Kindest of all those who are kind
46,"سُبْحَانَكَ يَا لَا إِلَهَ إِلاَّ أَنْتَ, الْغَوْثَ الْغَوْثَ, خَلِّصْنَا مِنَ النَّارِ يَا رَبِّ","Praise be to You, there is no god but You, I beseech You for relief, relief, Protect us from the Fire, O Lord
46 TO CURE INFANTILE PARALYSIS"
46,يَا غَاِلباً غَيْرَ مَغْلُوبٍ,"O Dominant who is not overpowered,"
46,يَّا صَانِعاً غَيْرَ مَصْنُوعٍ,O Designer who is not made.
46,يَّا خَاِلقاً غَيْرَ مَخْلُوقٍ,"O Creator who is not created,"
46,يَّا مَاِلكاً غَيْرَ مَمْلُوكٍ,"O Master and not the slave,"
46,يَّا قَاهِراً غَيْرَ مَقْهُورٍ,"O All-Dominant who is not dominated,"
46,يَّا رَافِعاً غَيْرَ مَرْفُوعٍ,"O Exalter and the Exalted,"
46,يَّا حَافِظاً غَيْرَ مَحْفُوظٍ,"O Protector who needs no protection,"
46,يَّا نَاصِراً غَيْرَ مَنْصُورٍ,"O Helper who needs no help,"
46,يَّا شَاهِداً غَيْرَ غَائِبٍ,"O Witness who is not absent,"
46,يَّا قَرِيباً غَيْرَ بَعِيدٍ,O Near who is not distant.
47,"سُبْحَانَكَ يَا لَا إِلَهَ إِلاَّ أَنْتَ, الْغَوْثَ الْغَوْثَ, خَلِّصْنَا مِنَ النَّارِ يَا رَبِّ","Praise be to You, there is no god but You, I beseech You for relief, relief, Protect us from the Fire, O Lord
47 TO CURE EPILEPSY"
47,يَا نُورَ النُّورِ,"O Light of lights,"
47,يَا مُنَوِّرَ النُّورِ,"O Illuminator of light,"
47,يَا خَاِلقَ النُّورِ,O Creator of light
47,يَا مُدَبِّرَ النُّورِ,"O Planner of light,"
47,يَا مُقَدِّرَ النُّورِ,"O Estimator of light,"
47,يَا نُورَ كُلِّ نُورٍ,"O Light of all lights,"
47,يَّا نُوراً قَبْلَ كُلِّ نُورٍ,"O Light that precedes in existence every light,"
47,يَّا نُوراً بَعْدَ كُلِّ نُورٍ,"O Light that will survive all lights,"
47,يَّا نُوراً فَوْقَ كُلِّ نُورٍ,"O Light that is above every light,"
47,يَّا نُوراً لَّيْسَ كَمِثْلِهِ نُورٌ,O Light like of which there is no light.
48,"سُبْحَانَكَ يَا لَا إِلَهَ إِلاَّ أَنْتَ, الْغَوْثَ الْغَوْثَ, خَلِّصْنَا مِنَ النَّارِ يَا رَبِّ","Praise be to You, there is no god but You, I beseech You for relief, relief, Protect us from the Fire, O Lord
48 TO GET RID OF CONSTIPATION"
48,يَا مَنْ عَطَاؤُهُ شَرِيفٌ,"O He Whose gift is noble,"
48,يَّا مَن فِعْلُهُ لَطِيفٌ,"O He Whose action is subtle,"
48,يَّا مَن لُّطْفُهُ مُقِيمٌ,"O He Whose kindness is persistent,"
48,يَّا مَنْ إِحْسَانُهُ قَدِيمٌ,"O He Whose beneficence is eternal,"
48,يَّا مَن قَوْلُهُ حَقٌّ,"O He Whose word is right,"
48,يَّا مَن وَّعْدُهُ صِدْقٌ,"O He Whose promise is true,"
48,يَّا مَنْ عَفْوُهُ فَضْلٌ,"O He Whose forgiveness is a grace,"
48,يَّا مَنْ عَذَابُهُ عَدْلٌ,"O He Whose chastisement is justice,"
48,يَّا مَنْ ذِكْرُهُ حُلْوٌ,"O He Whose remembrance is sweet,"
48,يَّا مَن فَضْلُهُ عَمِيمٌ,O He Whose grace is universal.
49,"سُبْحَانَكَ يَا لَا إِلَهَ إِلاَّ أَنْتَ, الْغَوْثَ الْغَوْثَ, خَلِّصْنَا مِنَ النَّارِ يَا رَبِّ","Praise be to You, there is no god but You, I beseech You for relief, relief, Protect us from the Fire, O Lord
49 TO CURE HEART’S AILMENT"
49,اللَّهُمَّ إِنِّي أَسْألُكَ بِاسْمِكَ,"O Allah, verily I entreat You in Your name:"
49,يَا مُسَهِّلُ يَا مُفَصِّلُ,"O Facilitator, O Separator,"
49,يَا مُبَدِّلُ يَا مُذَلِّلُ,"O Alterer, O Humiliating of the proud,"
49,يَا مُنَزِّلُ يَا مُنَوِّلُ,"O Degrader, O Benefactor,"
49,يَا مُفْضِلُ يَا مُجْزِلُ,"O Munificent, O Giver of respite,"
49,يَا مُمْهِلُ يَا مُجْمِلُ,"O Grantor of respite, O Virtuous,"
50,"سُبْحَانَكَ يَا لَا إِلَهَ إِلاَّ أَنْتَ, الْغَوْثَ الْغَوْثَ, خَلِّصْنَا مِنَ النَّارِ يَا رَبِّ","Praise be to You, there is no god but You, I beseech You for relief, relief, Protect us from the Fire, O Lord
50 TO IMPROVE EYE SIGHT"
50,يَا مَن يَّرَى وَلا يُرَى,"O He Who sees but is not seen,"
50,يَا مَن يَّخْلُقُ وَلا يُخْلَقُ,"O He Who creates and is not created,"
50,يَا مَن يَّهْدِي وَلا يُهْدَى,"O He Who guides and is not guided,"
50,يَا مَن يُّحْيِي وَلا يُحْيَى,"O He Who receives to life and is not brought to life,"
50,يَا مَن يَّسْأَلُ وَلا يُسْأَلُ,"O He Who questions and is not questioned,"
50,يَا مَن يُّطْعِمُ وَلا يُطْعَمُ,"O He Who feeds and does not eat,"
50,يَا مَن يُّجِيرُ وَلا يُجَارُ عَلَيْهِ,"O He Who gives protection and is in no need of protection,"
50,يَا مَن يَّقْضِي وَلا يُقْضَى عَلَيْهِ,"O He Who judges and against Whom no judgement is passed,"
50,يَا مَن يَّحْكُمُ وَلا يُحْكَمُ عَلَيْهِ,O He Who commands but is not commanded:
50,يَا مَن لَّمْ يَلِدْ وَلَمْ يُولَدْ,"O He Who begets not, nor is He begotten,"
50,وَلَمْ يَكُن لَّهُ كُفُواً أَحَدٌ,And there is none like unto Him.
51,"سُبْحَانَكَ يَا لَا إِلَهَ إِلاَّ أَنْتَ, الْغَوْثَ الْغَوْثَ, خَلِّصْنَا مِنَ النَّارِ يَا رَبِّ","Praise be to You, there is no god but You, I beseech You for relief, relief, Protect us from the Fire, O Lord
51 TO DISPEL MISCHIEF OF ENEMY"
51,يَا نِعْمَ الْحَسِيبُ,"O Best reckoner,"
51,يَا نِعْمَ الطَّبِيبُ,"O Best physician,"
51,يَا نِعْمَ الرَّقِيبُ,"O Best guardian,"
51,يَا نِعْمَ القَرِيبُ,"O Best near one,"
51,يَا نِعْمَ المُجِيبُ,"O Best responder,"
51,يَا نِعْمَ الحَبِيبُ,"O Best friend,"
51,يَا نِعْمَ الكَفِيلُ,"O Best surety,"
51,يَا نِعْمَ الوَكِيلُ,"O Best protector,"
51,يَا نِعْمَ المَوْلىَ,"O Best master,"
51,يَا نِعْمَ النَّصِيرُ,O Best helper.
52,"سُبْحَانَكَ يَا لَا إِلَهَ إِلاَّ أَنْتَ, الْغَوْثَ الْغَوْثَ, خَلِّصْنَا مِنَ النَّارِ يَا رَبِّ","Praise be to You, there is no god but You, I beseech You for relief, relief, Protect us from the Fire, O Lord
52 TO GET RID OF POVERTY"
52,يَا سُرُورَ الْعَارِفِينَ,"O Joy of saints,"
52,يَا مُنَى الْمُحِبِّينَ,O Desire of friends.
52,يَا أَنِيسَ الْمُرِيدِينَ,"O Friend of seekers,"
52,يَا حَبِيبَ التَّوَّابِينَ,"O Friend of penitents,"
52,يَا رَازِقَ الْمُقِلِّينَ,"O Provider of sustenance to the poor,"
52,يَا رَجَاءَ الْمُذْنِبِينَ,"O Hope of sinners,"
52,يَا قُرَّةَ عَيْنِ الْعَابِدِينَ,"O Coolness of worshippers' eyes,"
52,يَا مُنَفِّسَ عَنِ الْمَكْرُوبِينَ,"O Remover of sufferers' pain,"
52,يَا مُفَرِّجَ عَنِ الْمَغْمُومِينَ,"O Dispeller of the sorrows of the sorrowful,"
52,يَا إِلَهَ الأَوَّلِينَ وَالآخِرِينَ,O Allah of the first and the last generation.
53,"سُبْحَانَكَ يَا لَا إِلَهَ إِلاَّ أَنْتَ, الْغَوْثَ الْغَوْثَ, خَلِّصْنَا مِنَ النَّارِ يَا رَبِّ","Praise be to You, there is no god but You, I beseech You for relief, relief, Protect us from the Fire, O Lord
53 TO CULTIVATE LOVE"
53,اللَّهُمَّ إِنِّي أَسْألُكَ بِاسْمِكَ,"O Allah, verily I entreat You in Your name:"
53,يَا رَبَّنَا يَا إِلَهَنَا,"O our Lord, O our Allah,"
53,يَا سَيِّدَنَا يَا مَوْلانَا,"O our Chief, O our Master,"
53,يَا نَاصِرَنَا يَا حَافِظَنَا,"O our Helper, O our Protector,"
53,يَا دَلِيلَنَا يَا مُعِينَنَا,"O our Guide, O our Aider,"
53,يَا حَبِيبَنَا يَا طَبِيبَنَا,"O our Friend, O our Physician."
54,"سُبْحَانَكَ يَا لَا إِلَهَ إِلاَّ أَنْتَ, الْغَوْثَ الْغَوْثَ, خَلِّصْنَا مِنَ النَّارِ يَا رَبِّ","Praise be to You, there is no god but You, I beseech You for relief, relief, Protect us from the Fire, O Lord
54 TO CURE TOOTHACHE"
54,يَا رَبَّ النَّبِيِّينَ وَالأَبْرَارِ,"O Lord of the prophets and the virtuous,"
54,يَا رَبَّ الصِّدِّيقِينَ وَالأَخْيَارِ,"O Lord of the righteous and chosen one,"
54,يَا رَبَّ الجَنَّةِ وَالنَّارِ,"O Lord of paradise and hell,"
54,يَا رَبَّ الصِّغَارِ وَالْكِبَارِ,"O Lord of the small and the great,"
54,يَا رَبَّ الْحُبُوبِ وَالثِّمَارِ,"O Lord of grains and fruits,"
54,يَا رَبَّ الأَنْهَارِ وَالأَشْجَارِ,"O Lord of canals and trees,"
54,يَا رَبَّ الصَّحَارِي وَالْقِفَارِ,"O Lord of forest and desert,"
54,يَا رَبَّ الْبَرَارِي وَالْبِحَارِ,"O Lord of lands and seas,"
54,يَا رَبَّ اللَّيْلِ وَالنَّهَارِ,"O Lord of night and day,"
54,يَا رَبَّ الإِعْلاَنِ وَالإِسْرَارِ,O Lord of the manifest and the hidden.
55,"سُبْحَانَكَ يَا لَا إِلَهَ إِلاَّ أَنْتَ, الْغَوْثَ الْغَوْثَ, خَلِّصْنَا مِنَ النَّارِ يَا رَبِّ","Praise be to You, there is no god but You, I beseech You for relief, relief, Protect us from the Fire, O Lord
55 TO CURE PAIN IN RIBS"
55,يَا مَن نَّفَذَ فِي كُلِّ شَيْءٍ أَمْرُهُ,"O He, Whose command operates in everything,"
55,يَا مَن لَّحِقَ بِكُلِّ شَيْءٍ عِلْمُهُ,"O He, Whose knowledge encompasses everything,"
55,يَا مَنْ بَلَغَتْ إِلَى كُلِّ شَيْءٍ قُدْرَتُهُ,"O He, Whose control extends to everything,"
55,يَا مَن لا يُحْصِي الْعِبَادُ نِعَمَهُ,"O He, Whose bounties cannot be counted by His slaves,"
55,يَا مَن لا تَبْلُغُ الْخَلائِقُ شُكْرَهُ,"O He, Whom His creatures cannot adequately thank,"
55,يَا مَن لا تُدْرِكُ الأَفْهَامُ جَلاَلَهُ,"O He, Whose grandeur cannot be comprehended by the intellect,"
55,يَا مَن لا تَنَالُ الأَوْهَامُ كُنْهَهُ,"O He, Whose reality cannot be acquired by the imagination,"
55,يَا مَنِ الْعَظَمَةُ وَالْكِبْرِيَاءُ رِدَاؤُهُ,"O He, Whose garb is majesty and greatness,"
55,يَا مَن لا يَرُدُّ الْعِبَادُ قَضَاءَهُ,"O He, Whose judgement cannot be reversed by His slave,"
55,يَا مَن لا مُلْكَ إِلا مُلْكُهُ,"O He, Whose alone is the kingdom and no one else'"
55,يَا مَن لا عَطَاءَ إِلا عَطَاؤُهُ,"O He, Whose alone is the gift and none else's,"
56,"سُبْحَانَكَ يَا لَا إِلَهَ إِلاَّ أَنْتَ, الْغَوْثَ الْغَوْثَ, خَلِّصْنَا مِنَ النَّارِ يَا رَبِّ","Praise be to You, there is no god but You, I beseech You for relief, relief, Protect us from the Fire, O Lord
56 TO CURE DISEASES"
56,يَا مَن لَّهُ الْمَثَلُ الأَعْلَى,"O He, for Whom are noblest examples,"
56,يَا مَن لَّهُ الصِّفَاتُ الْعُلْيَا,"O He, for Whom are high attributes,"
56,يَا مَن لَّهُ الآخِرَةُ وَالأُولَى,"O He, Who is the Master of the beginning and the end,"
56,يَا مَن لَّهُ جَنَّةُ الْمَأْوَى,"O He, Who is the Master of the abode of paradise,"
56,يَا مَن لَّهُ الآيَاتُ الْكُبْرَى,"O He, for Whom are great signs,"
56,يَا مَن لَّهُ الأَسْمَاءُ الْحُسْنَى,"O He, for Whom are beautiful names,"
56,يَا مَن لَّهُ الْحُكْمُ وَالْقَضَاءُ,"O He, for Whom is order and judgement,"
56,يَا مَن لَّهُ الْهَوَاءُ وَالْفَضَاءُ,"O He, Who rules over the atmosphere and the expanse,"
56,يَا مَن لَّهُ الْعَرْشُ وَالثَّرَى,"O He, Whose is the Lordship of the highest heaven and the earth,"
56,يَا مَن لَّهُ السَّمَاوَاتُ الْعُلَى,"O He, Who is the Master of the high heavens."
57,"سُبْحَانَكَ يَا لَا إِلَهَ إِلاَّ أَنْتَ, الْغَوْثَ الْغَوْثَ, خَلِّصْنَا مِنَ النَّارِ يَا رَبِّ","Praise be to You, there is no god but You, I beseech You for relief, relief, Protect us from the Fire, O Lord
57 TO PREVENT HURRICANE"
57,اللَّهُمَّ إِنِّي أَسْألُكَ بِاسْمِكَ,"O Allah, verily I entreat You in Your name:"
57,يَا عَفُوُّ يَا غَفُورُ,"O Pardoner, O Forgiver,"
57,يَا صَبُورُ يا شَكُورُ,"O Patient, O Greatest appreciator (of good),"
57,يَا رَؤُوفُ يَا عَطُوفُ,"O Kind, O Sympathetic,"
57,يَا مَسْؤُولُ يَا وَدُودُ,"O Besought, O Friend,"
57,يَا سُبُّوحُ يَا قُدُّوسُ,"O Most Glorified, O Most Holy."
58,"سُبْحَانَكَ يَا لَا إِلَهَ إِلاَّ أَنْتَ, الْغَوْثَ الْغَوْثَ, خَلِّصْنَا مِنَ النَّارِ يَا رَبِّ","Praise be to You, there is no god but You, I beseech You for relief, relief, Protect us from the Fire, O Lord
58 TO GET HONOUR AND RESPECT"
58,يَا مَن فِي السَّماءِ عَظَمَتُهُ,"O He, Whose greatness is in the heavens,"
58,يَا مَن فِي الأَرْضِ آيَاتُهُ,"O He, Whose signs are on the earth,"
58,يَا مَن فِي كُلِّ شَيْءٍ دَلائِلُهُ,"O He, Whose proofs are manifest in everything,"
58,يَا مَن فِي الْبِحَارِ عَجَائِبُهُ,"O He, Whose wonders are in the seas,"
58,يَا مَن فِي الْجِبَالِ خَزَائِنُهُ,"O He, Whose treasures are in the mountains,"
58,يَا مَن يَّبْدَأُ الْخَلْقَ ثُمَّ يُعِيدُهُ,"O He, Who originated Creation which then returns to Him,"
58,يَا مَنْ إِلَيْهِ يَرْجِعُ الأَمْرُ كُلُّهُ,"O He, towards Whom is the return of every matter,"
58,يَا مَنْ أَظْهَرَ فِي كُلِّ شَيْءٍ لُّطْفَهُ,"O, Whose Kindness is evident in everything,"
58,يَا مَنْ أَحْسَنَ كُلَّ شَيْءٍ خَلَقَهُ,"O He, Who makes best everything which He has created,"
58,يَا مَن تَصَرَّفَ فِي الْخَلائِقِ قُدْرَتُهُ,"O He, Whose authority is wielded over all creatures."
59,"سُبْحَانَكَ يَا لَا إِلَهَ إِلاَّ أَنْتَ, الْغَوْثَ الْغَوْثَ, خَلِّصْنَا مِنَ النَّارِ يَا رَبِّ","Praise be to You, there is no god but You, I beseech You for relief, relief, Protect us from the Fire, O Lord
59 TO CURE STOMACH-ACHE"
59,يَا حَبِيبَ مَن لا حَبِيبَ لَهُ,"O Friend of he who has no friend,"
59,يَا طَبِيبَ مَن لا طَبِيبَ لَهُ,"O Physician of he who has no physician,"
59,يَا مُجِيبَ مَن لا مُجِيبَ لَهُ,"O Responder to he who has no responder,"
59,يَا شَفِيقَ مَن لا شَفِيقَ لَهُ,"O Affectionate One to he whom none hold in affection,"
59,يَا رَفِيقَ مَن لا رَفِيقَ لَهُ,"O Friend of he who has no friend,"
59,يَا مُغِيثَ مَن لا مُغِيثَ لَهُ,"O Helper of he who has no help,"
59,يَا دَلِيلَ مَن لا دَلِيلَ لَهُ,"O Guide of he who has no guide,"
59,يَا أَنِيسَ مَن لا أَنِيسَ لَهُ,"O Associate of the forlorn,"
59,يَا رَاحِمَ مَن لا رَاحِمَ لَهُ,"O Merciful One towards he on whom no one has mercy,"
59,يَا صَاحِبَ مَن لا صَاحِبَ لَهُ,O Companion of he who has no companion.
60,"سُبْحَانَكَ يَا لَا إِلَهَ إِلاَّ أَنْتَ, الْغَوْثَ الْغَوْثَ, خَلِّصْنَا مِنَ النَّارِ يَا رَبِّ","Praise be to You, there is no god but You, I beseech You for relief, relief, Protect us from the Fire, O Lord
60 TO SUCEED IN VITAL JOBS"
60,يَا كَافِي مَنِ اسْتَكْفَاهُ,"O Sufficer for those who seek sufficiency,"
60,يَا هَادِي مَنِ اسْتَهْدَاهُ,"O Guide for those who seek guidance,"
60,يَا كَاِلئَ مَنِ اسْتَكْلاَهُ,"O Protector for those who seek protection,"
60,يَا رَاعِي مَنِ اسْتَرْعَاهُ,"O Granter for concession to those who seek concession,"
60,يَا شَافِي مَنِ اسْتَشْفَاهُ,"O Healer for those who seek cure,"
60,يَا قَاضِي مَنِ اسْتَقْضَاهُ,"O Just One for those who seek justice,"
60,يَا مُغْنِي مَنِ اسْتَغْنَاهُ,"O Bestower of wealth for those who seek wealth,"
60,يَا مُوفِي مَنِ اسْتَوْفَاهُ,"O Fulfiller of promises for those who seek fulfillment,"
60,يَا مُقَوِّي مَنِ اسْتَقْوَاهُ,"O Granter of strength for those who seek strength,"
60,يَا وَلِيَّ مَنِ اسْتَوْلاهُ,O Aider of those who seek aid.
61,"سُبْحَانَكَ يَا لَا إِلَهَ إِلاَّ أَنْتَ, الْغَوْثَ الْغَوْثَ, خَلِّصْنَا مِنَ النَّارِ يَا رَبِّ","Praise be to You, there is no god but You, I beseech You for relief, relief, Protect us from the Fire, O Lord
61 TO SEEK TRANQUILITY"
61,اللَّهُمَّ إِنِّي أَسْألُكَ بِاسْمِكَ,"O Allah , verily I entreat You in Your name:"
61,يَا خَاِلقُ يَا رَازِقُ,"O Creator, O Provider of sustenance,"
61,يَا نَاطِقُ يَا صَادِقُ,"O Creator of speech, O Truthful,"
61,يَا فَاِلقُ يَا فَارِقُ,"O Splitter, O Separator,"
61,يَا فَاتِقُ يَا رَاتِقُ,"O Breaker, O Combiner,"
61,يَا سَابِقُ يَا سَامِقُ,"O Foremost, O Most High."
62,"سُبْحَانَكَ يَا لَا إِلَهَ إِلاَّ أَنْتَ, الْغَوْثَ الْغَوْثَ, خَلِّصْنَا مِنَ النَّارِ يَا رَبِّ","Praise be to You, there is no god but You, I beseech You for relief, relief, Protect us from the Fire, O Lord
62 TO WIN FRIENDSHIP OF THE RICH"
62,يَا مَن يُّقَلِّبُ اللَّيْلَ وَالنَّهَارَ,"O He, Who changes night and day,"
62,يَا مَن جَعَلَ الظُّلُمَاتِ وَالأَنْوَارَ,"O He, Who has created darkness and light,"
62,يَا مَنْ خَلَقَ الظِّلَّ وَالْحَرُورَ,"O He, Who has bestowed shade and heat,"
62,يَا مَنْ سَخَّرَ الشَّمْسَ وَالْقَمَرَ,"O He, Who has brought into subjection the sun and the moon,"
62,يَا مَن قَدَّرَ الْخَيْرَ وَالشَّرَّ,"O He, Who has ordained virtue and vice,"
62,يَا مَنْ خَلَقَ الْمَوْتَ وَالْحَيَاةَ,"O He, Who has created death and life,"
62,يَا مَن لَّهُ الْخَلْقُ وَالأَمْرُ,"O He, Who has made the body and the soul,"
62,يَا مَن لَّمْ يَتِّخِذْ صَاحِبَةً وَّلا وَلَداً,"O He, Who has neither taken a wife nor begotten any child,"
62,يَّا مَن لَّيْسَ لَهُ شَرِيكٌ فِي الْمُلْكِ,"O He, Who has no partner in His sovereignty,"
62,يَا مَن لَّمْ يَكُن لَّهُ وَلِيٌّ مِّنَ الذُّلِّ,"O He, Who has no friend among the disgraced."
63,"سُبْحَانَكَ يَا لَا إِلَهَ إِلاَّ أَنْتَ, الْغَوْثَ الْغَوْثَ, خَلِّصْنَا مِنَ النَّارِ يَا رَبِّ","Praise be to You, there is no god but You, I beseech You for relief, relief, Protect us from the Fire, O Lord
63 TO MAKE PROFIT IN BUSINESS"
63,يَا مَن يَّعْلَمُ مُرَادَ الْمُرِيدِينَ,"O He, Who knows the desire of the desirous,"
63,يَا مَن يَّعْلَمُ ضَمِيرَ الصَّاِمتِينَ,"O He, Who knows the conscience of the silent,"
63,يَا مَن يَّسْمَعُ أَنِينَ الْوَاهِنِينَ,"O He, who hears the cries of the weak,"
63,يَا مَن يَّرَى بُكَاءَ الْخَائِفِينَ,"O He, Who sees the lamentation of the frightened,"
63,يَا مَن يَّمْلِكُ حَوَائِجَ السَّائِلِينَ,"O He, Who satisfies the needs of the petitioner,"
63,يَا مَن يَّقْبَلُ عُذْرَ التَّائِبِينَ,"O He, Who accepts the excuse of the repentant,"
63,يَا مَن لا يُصْلِحُ عَمَلَ الْمُفْسِدِينَ,"O He, Who does not correct the actions of the mischievous,"
63,يَا مَن لا يُضِيعُ أَجْرَ الْمُحْسِنِينَ,"O He, Who does not waste the good reward of the virtuous,"
63,يَا مَن لا يَبْعُدُ عَن قُلُوبِ الْعَارِفِينَ,"O He, Who is not absent from the mind of the saint,"
63,يَا أَجْوَدَ الأَجْوَدِينَ,O the most Magnanimous of all those who show magnanimity.
64,"سُبْحَانَكَ يَا لَا إِلَهَ إِلاَّ أَنْتَ, الْغَوْثَ الْغَوْثَ, خَلِّصْنَا مِنَ النَّارِ يَا رَبِّ","Praise be to You, there is no god but You, I beseech You for relief, relief, Protect us from the Fire, O Lord
64 TO CURE HEADACHE"
64,يَا دَائِمَ الْبَقَاءِ,"O Eternal Living,"
64,يَا سَامِعَ الدُّعَاءِ,"O Hearer of prayers,"
64,يَا وَاسِعَ الْعَطَاءِ,O Liberal Bestower
64,يَا غَافِرَ الْخَطَاءِ,"O Forgiver of sins,"
64,يَا بَدِيعَ السَّمَاءِ,"O Creator of the sky,"
64,يَا حَسَنَ البَلاءِ,"O Best tester of trials,"
64,يَا جَمِيلَ الثَّنَاءِ,"O Most Praiseworthy,"
64,يَا قَدِيمَ السَّنَاءِ,"O Eternally Great,"
64,يَا كَثِيرَ الْوَفَاءِ,"O Greatest fulfiller of promises,"
64,يَا شَرِيفَ الْجَزَاءِ,O Best Recompenser.
65,"سُبْحَانَكَ يَا لَا إِلَهَ إِلاَّ أَنْتَ, الْغَوْثَ الْغَوْثَ, خَلِّصْنَا مِنَ النَّارِ يَا رَبِّ","Praise be to You, there is no god but You, I beseech You for relief, relief, Protect us from the Fire, O Lord
65 TO SEEK FORGIVENESS"
65,اللَّهُمَّ إِنِّي أَسْألُكَ بِاسْمِكَ,"O Allah, verily I entreat You in Your name:"
65,يَا سَتَّارُ يَا غَفَّارُ,"O Best concealer of defects, O Best forgiver,"
65,يَا قَهَّارُ يَا جَبَّارُ,"O Most dominant, O Supreme,"
65,يَا صَبَّارُ يَا بَارُّ,"O Most patient, O Most virtuous,"
65,يَا مُخْتَارُ يَا فَتَّاحُ,"O Most exalted, O Best opener,"
65,يَا نَفَّاحُ يَا مُرْتَاحُ,"O Blower of winds, O Bestower of Happiness."
66,"سُبْحَانَكَ يَا لَا إِلَهَ إِلاَّ أَنْتَ, الْغَوْثَ الْغَوْثَ, خَلِّصْنَا مِنَ النَّارِ يَا رَبِّ","Praise be to You, there is no god but You, I beseech You for relief, relief, Protect us from the Fire, O Lord
66 TO GET RID OF POVERTY"
66,يَا مَنْ خَلَقَنِي وَسَوَّاِني,"O He, Who created me and perfected me,"
66,يَا مَن رَّزَقَنِي وَرَبَّاِني,"O He, Who provided me with sustenance and nurtured me,"
66,يَا مَنْ أَطْعَمَنِي وَسَقَاِني,"O He, Who provided food for me and quenched my thirst,"
66,يَا مَن قَرَّبَنِي وَأَدْنَاِني,"O He, Who brought me near Him and brought me most nigh,"
66,يَا مَنْ عَصَمَنِي وَكَفَاِني,"O He, Who protected me and kept me in safety,"
66,يَا مَنْ حَفَظَنِي وَكَلاَنِي,"O He, Who saved and guarded me,"
66,يَا مَنْ أَعَزَّنِي وَأَغْنَاِني,"O He, Who honoured me and enriched me,"
66,يَا مَن وَّفَّقَنِي وَهَدَاِني,"O He, Who helped and guided me,"
66,يَا مَنْ آنَسَنِي وَآوَاِني,"O He, Who befriended me and sheltered me,"
66,يَا مَنْ أَمَاتَنِي وَأَحْيَاِني,"O He, Who causes me to die and revivifies me."
67,"سُبْحَانَكَ يَا لَا إِلَهَ إِلاَّ أَنْتَ, الْغَوْثَ الْغَوْثَ, خَلِّصْنَا مِنَ النَّارِ يَا رَبِّ","Praise be to You, there is no god but You, I beseech You for relief, relief, Protect us from the Fire, O Lord
67 TO CURE EYE AILMENTS"
67,يَا مَن يُّحِقُّ الْحَقَّ بِكَلِمَاتِهِ,"O He, Who maintains truth by His words,"
67,يَا مَن يَّقْبَلُ التَّوْبَةَ عَنْ عِبَادِهِ,"O He, Who accepts repentance from His slaves,"
67,يَا مَن يَّحُولُ بَيْنَ الْمَرْءِ وَقَلْبِهِ,"O He, Who stands between man and his heart,"
67,يَا مَن لا تَنْفَعُ الشَّفَاعَةُ إِلا بِإِذْنِهِ,"O He, without Whose permission intercession has no benefit,"
67,يَا مَنْ هُوَ أَعْلَمُ بِمَن ضَلَّ عَنْ سَبِيلِهِ,"O He, Who knows well who is astray from His path,"
67,يَا مَن لا مُعَقِّبَ لِحُكْمِهِ,"O He, Whose order no one can reverse,"
67,يَا مَن لا رَادَّ لِقَضَائِهِ,"O He, Whose judgement no one can revoke,"
67,يَا مَنِ انْقَادَ كُلُّ شَيْءٍ لأَمْرِهِ,"O He, Whose order is obeyed by everything,"
67,يَا مَنِ السَّمَاوَاتُ مَطْوِيَّاتٌ بِيَمِينِهِ,"O He, in Whose Right Hand the heavens shall be rolled up,"
67,يَا مَن يُّرْسِلُ الرِّيَاحَ بُشْريً بَيْنَ يَدَيْ رَحْمَتِهِ,"O He, Who has made earth a cradle,"
68,"سُبْحَانَكَ يَا لَا إِلَهَ إِلاَّ أَنْتَ, الْغَوْثَ الْغَوْثَ, خَلِّصْنَا مِنَ النَّارِ يَا رَبِّ","Praise be to You, there is no god but You, I beseech You for relief, relief, Protect us from the Fire, O Lord
68 TO WARD OFF PLAGUE"
68,يَا مَن جَعَلَ الأَرْضَ مِهَاداً,"O He, Who sends forth the winds bearing good tiding before His mercy."
68,يَّا مَن جَعَلَ الْجِبَالَ أَوْتَاداً,"O He, Who has made the mountains pegs,"
68,يَّا مَن جَعَلَ الشَّمْسَ سِرَاجاً,"O He, Who has made the sun a lamp,"
68,يَّا مَن جَعَلَ الْقَمَرَ نُوراً,"O He, Who has made the moon a light,"
68,يَّا مَن جَعَلَ اللَّيْلَ لِبَاساً,"O He, Who has made the night a covering,"
68,يَّا مَن جَعَلَ النَّهَارَ مَعَاشاً,"O He, Who has made the day for seeking livelihood,"
68,يَّا مَن جَعَلَ النَّوْمَ سُبَاتاً,"O He, Who has made sleep a rest,"
68,يَّا مَن جَعَلَ السَّمَاءَ بِنَاءاً,"O He, Who has made the sky a vault,"
68,يَّا مَن جَعَلَ الأَشْيَاءَ أَزْوَاجاً,"O He, Who has created things in pairs,"
68,يَّا مَن جَعَلَ النَّارَ مِرْصَاداً,"O He, Who has made hell an ambush, barking for sinners."
69,"سُبْحَانَكَ يَا لَا إِلَهَ إِلاَّ أَنْتَ, الْغَوْثَ الْغَوْثَ, خَلِّصْنَا مِنَ النَّارِ يَا رَبِّ","Praise be to You, there is no god but You, I beseech You for relief, relief, Protect us from the Fire, O Lord
69 TO ACHIEVE EMINENCE"
69,اللَّهُمَّ إِنِّي أَسْألُكَ بِاسْمِكَ,"O Allah, verily I entreat You in Your name:"
69,يَا سَمِيعُ يَا شَفِيعُ,"O All-hearer, O Mediator,"
69,يَا رَفِيعُ يَا مَنِيعُ,"O Sublime, O Invincible,"
69,يَا سَرِيعُ يَا بَدِيعُ,"O Swift, O Originator,"
69,يَا كَبِيرُ يَا قَدِيرُ,"O Great, O Omnipotent,"
69,يَا خَبِيرُ يَا مُجِيرُ,"O Knowing, O Supporter."
70,"سُبْحَانَكَ يَا لَا إِلَهَ إِلاَّ أَنْتَ, الْغَوْثَ الْغَوْثَ, خَلِّصْنَا مِنَ النَّارِ يَا رَبِّ","Praise be to You, there is no god but You, I beseech You for relief, relief, Protect us from the Fire, O Lord
70 TO GET LONG LIFE"
70,يَا حَيّاً قَبْلَ كُلِّ حَيٍّ,"O Everliving, preceding every living being,"
70,يَّا حَيّاً بَعْدَ كُلِّ حَيٍّ,"O Everliving, succeeding every living being,"
70,يَّا حَيُّ الَّذِي لَيْسَ كَمِثْلِهِ حَيٌّ,"O Everliving, like unto Whom there is none,"
70,يَّا حَيُّ الَّذِي لا يُشَارِكُهُ حَيٌّ,"O Everliving, Who has no living partner,"
70,يَّا حَيُّ الَّذِي لا يَحْتَاجُ إِلَى حَيٍّ,"O Everliving, Who is not dependent on any living being,"
70,يَّا حَيُّ الَّذِي يُمِيتُ كُلَّ حَيٍّ,"O Everliving, Who causes every living being to die,"
70,يَّا حَيُّ الَّذِي يَرْزُقُ كُلَّ حَيٍّ,"O Everliving, Who provides sustenance to every living being,"
70,يَّا حَيّاً لَّمْ يَرِثِ الْحَيَاةَ مِنْ حَيٍّ,"O Everliving, Who has not inherited life from any living being,"
70,يَّا حَيُّ الَّذِي يُحْيِي الْمَوْتَى,"O Everliving, Who quickens the dead,"
70,يَا حَيُّ يَا قَيُّومُ، لا تَأْخُذُهُ سِنَةً وَّلا نَوْمٌ,"O Everliving, O Self-Subsistent, Slumber seizeth Him not, nor sleep."
71,"سُبْحَانَكَ يَا لَا إِلَهَ إِلاَّ أَنْتَ, الْغَوْثَ الْغَوْثَ, خَلِّصْنَا مِنَ النَّارِ يَا رَبِّ","Praise be to You, there is no god but You, I beseech You for relief, relief, Protect us from the Fire, O Lord
71 TO PREVENT CYCLONE"
71,يَا مَن لَّهُ ذِكْرٌ لا يُنْسَى,"O He, Whose remembrance is not forgotten,"
71,يَا مَن لَّهُ نُورٌ لا يُطْفَى,"O He, Whose light is not extinguished"
71,يَا مَن لَّهُ نِعْمٌ لا تُعَدُّ,"O He, Whose bounties are countless,"
71,يَّا مَن لَّهُ مُلْكٌ لا يَزُولُ,"O He, Whose grandeur is perpetual,"
71,يَا مَن لَّهُ ثَنَاءٌ لا يُحْصَى,"O He, Whose praise does not admit of alteration,"
71,يَا مَن لَّهُ جَلاَلٌ لا يُكَيَّفُ,"O He, Whose glory is not framed,"
71,يَا مَن لَّهُ كَمَالٌ لا يُدْرَكُ,"O He, Whose perfection cannot be comprehended,"
71,يَا مَن لَّهُ قَضَاءٌ لا يُرَدُّ,"O He, Whose order is not rejected,"
71,يَا مَن لَّهُ صِفَاتٌ لا تُبَدَّلُ،,"O He, Whose attributes do not change,"
71,يَا مَن لَّهُ نُعُوتٌ لا تُغَيَّرُ,"O He, Whose attributes do not alter,"
72,"سُبْحَانَكَ يَا لَا إِلَهَ إِلاَّ أَنْتَ, الْغَوْثَ الْغَوْثَ, خَلِّصْنَا مِنَ النَّارِ يَا رَبِّ","Praise be to You, there is no god but You, I beseech You for relief, relief, Protect us from the Fire, O Lord
72 TO CURE PAIN IN BREASTS"
72,يَا رَبَّ الْعَالَمِينَ,"O Lord of all the worlds,"
72,يَا مَاِلكَ يَوْمِ الدِّينِ,"O Master of the Day of Judgement,"
72,يَا غَايَةَ الطَّاِلبِينَ,"O Ultimate Goal of the seeker,"
72,يَا ظَهْرَ اللاَّجِينَ,"O Refuge of the seeker of shelter,"
72,يَا مُدْرِكَ الْهَارِبِينَ,"O Overtaker of the fugitive,"
72,يَا مَن يُّحِبُّ الصَّابِرِينَ,"O He Who loves the patient,"
72,يَا مَن يُّحِبُّ التَّوَّابِينَ,"O He, Who loves the repentant,"
72,يَا مَن يُّحِبُّ الْمُتَطَهِّرِينَ,"O He, Who loves the pure,"
72,يَا مَن يُّحِبُّ الْمُحْسِنِينَ,"O He, Who loves the virtuous"
72,يَا مَنْ هُوَ أَعْلَمُ بِالْمُهْتَدِينَ,"O He, Who knows best the guided,"
73,"سُبْحَانَكَ يَا لَا إِلَهَ إِلاَّ أَنْتَ, الْغَوْثَ الْغَوْثَ, خَلِّصْنَا مِنَ النَّارِ يَا رَبِّ","Praise be to You, there is no god but You, I beseech You for relief, relief, Protect us from the Fire, O Lord
73 TO CURE RHEUMATISM"
73,اللَّهُمَّ إِنِّي أَسْألُكَ بِاسْمِكَ,"O Allah, verily I beseech You in Your name:"
73,يَا شْفِيقُ يَا رَفِيقُ,"O Affectionate, O Companion,"
73,يَا حَفِيظُ يَا مُحِيطُ,"O Protector, O Encompasser,"
73,يَا مُقِيتُ يَا مُغِيثُ,"O Provider of sustenance, O Aider of seekers of aid,"
73,يَا مُعِزُّ يَا مُذِلُّ,"O Honourer, O Humiliating,"
73,يَا مُبْدِئُ يَا مُعِيدُ,"O Creator, O He Who causes to return."
74,"سُبْحَانَكَ يَا لَا إِلَهَ إِلاَّ أَنْتَ, الْغَوْثَ الْغَوْثَ, خَلِّصْنَا مِنَ النَّارِ يَا رَبِّ","Praise be to You, there is no god but You, I beseech You for relief, relief, Protect us from the Fire, O Lord
74 TO HAVE A SON"
74,يَا مَنْ هُوَ أَحَدٌ بِلاَ ضِدٍّ,"O He, Who is single and without opposite,"
74,يَّا مَنْ هُوَ فَرْدٌ بِلاَ نِدٍّ,"O He, Who is Unique, O He, Who is Peerless,"
74,يَّا مَنْ هُوَ صْمْدٌبِلاَ عَيْبٍ,"O He, Who is Independent and without any defect,"
74,يَّا مَنْ هُوَ وِتْرٌ بِلاَ كَيْفٍ,"O He, Who is without changing state,"
74,يَّا مَنْ هُوَ قَاضٍ بِلاَ حَيْفٍ,"O He, Who judges without injustice,"
74,يَّا مَنْ هُوَ رَبٌّ بِلاَ وَزِيرٍ,"O He, Who is the Lord Cherisher,"
74,يَّا مَنْ هُوَ عَزِيزٌ بِلاَ ذُلٍّ,"O He, Who is Mighty without disgrace,"
74,يَّا مَنْ هُوَ غَنِيٌّ بِلاَ فَقْرٍ,"O He, Who is Independent without any need,"
74,يَّا مَنْ هُوَ مَلِكٌ بِلاَ عَزْلٍ,"O He, Who is the King without any censure,"
74,يَّا مَنْ هُوَ مَوْصُوفٌ بِلاَ شَبِيهٍ,"O He, Whose attributes are matchless."
75,"سُبْحَانَكَ يَا لَا إِلَهَ إِلاَّ أَنْتَ, الْغَوْثَ الْغَوْثَ, خَلِّصْنَا مِنَ النَّارِ يَا رَبِّ","Praise be to You, there is no god but You, I beseech You for relief, relief, Protect us from the Fire, O Lord
75 TO GET HIGH POSITION"
75,يَا مَن ذِكْرُهُ شَرَفٌ لِّلذَّاكِرِينَ,"O He, Whose remembrance is an honour for those who remember Him,"
75,يَا مَن شُكْرُهُ فَوْزٌ لِّلشَّاكِرِينَ,"O He, Whose gratitude is success for the grateful,"
75,يَا مَنْ حَمْدُهُ عِزٌّ لِّلْحَامِدِينَ,"O He, Whose praise is the pride of the praiser,"
75,يَا مَنْ طَاعَتُهُ نَجَاةً لِّلْمُطِيعِينَ,"O He, the obedience to Whom is salvation for the obedient"
75,يَا مَنْ بَابُهُ مَفْتُوحٌ لِّلطَّاِلبِينَ,"O He, Whose door is open to the seeker,"
75,يَا مَنْ سَبِيلُهُ وَاضِحٌ لِّلْمُنِيبِينَ,"O He, the path leading to Whom is clear for the repentant,"
75,يَا مَنْ آيَاتُهُ بُرْهَانٌ لِّلنَّاظِرِينَ,"O He, Whose signs are proofs for the observers,"
75,يَا مَنْ كِتَابُهُ تَذْكِرَةً لِّلْمُتَّقِينَ,"O He, Whose Book is advice to the pious,"
75,يَا مَن رِّزْقُهُ عُمُومٌ لِّلطَّائِعِينَ وَالْعَاصِينَ,"O He, Whose provision, is love the obedient and disobedient alike,"
75,يَا مْن رَّحْمَتُهُ قَرِيبٌ مِّنَ الْمُحْسِنِينَ,"O He, Whose mercy is close to the virtuous."
76,"سُبْحَانَكَ يَا لَا إِلَهَ إِلاَّ أَنْتَ, الْغَوْثَ الْغَوْثَ, خَلِّصْنَا مِنَ النَّارِ يَا رَبِّ","Praise be to You, there is no god but You, I beseech You for relief, relief, Protect us from the Fire, O Lord
76 FOR CURE FROM LEPROSY"
76,يَا مَن تَبَارَكَ اسْمُهُ,"O He, Whose name is glorious,"
76,يَا مَن تَعَالَى جَدُّهُ,"O He, Whose honour is exalted,"
76,يَا مَن لا إِلَهَ غَيْرُهُ,"O He - there is no deity except Him,"
76,يَا مَن جَلَّ ثَنَاؤُهُ,"O He - great is His praise,"
76,يَا مَن تَقَدَّسَتْ أَسْمَاؤُهُ,"O He, Whose names are sacred,"
76,يَا مَن يَّدُومُ بَقَاؤُهُ,"O He, Whose existence is eternal,"
76,يَا مَنِ العَظَمَةُ بَهَاؤُهُ,"O He, Whose glory is His ornament,"
76,يَا مَنْ الْكِبْرِيَاءُ رِدَاؤُهُ,"O He, Whose greatness is His covering,"
76,يَا مَن لا تُحْصَى آلاؤُهُ,"O He, Whose favours are countless,"
76,يَا مَن لا تُعَدُّ نَعْمَاؤُهُ,"O He, Whose bounties cannot be enumerated."
77,"سُبْحَانَكَ يَا لَا إِلَهَ إِلاَّ أَنْتَ, الْغَوْثَ الْغَوْثَ, خَلِّصْنَا مِنَ النَّارِ يَا رَبِّ","Praise be to You, there is no god but You, I beseech You for relief, relief, Protect us from the Fire, O Lord
77 DISBURSEMENT OF DEBT"
77,اللَّهُمَّ إِنِّي أَسْألُكَ بِاسْمِكَ,"O Allah, verily I beseech You in Your name:"
77,يَا مُعِينُ يَا أَمِينُ,"O Helper, O Trustworthy,"
77,يَا مُبِينُ يَا مَتِينُ,"O Manifest, O Powerful,"
77,يَا مَكِينُ يَا رَشِيدُ,"O Firm, O True Guide,"
77,يَا حَمِيدُ يَا مَجِيدُ,"O Praiseworthy, O Glorious,"
77,يَا شَدِيدُ يَا شَهِيدُ,"O Strong, O Witness"
78,"سُبْحَانَكَ يَا لَا إِلَهَ إِلاَّ أَنْتَ, الْغَوْثَ الْغَوْثَ, خَلِّصْنَا مِنَ النَّارِ يَا رَبِّ","Praise be to You, there is no god but You, I beseech You for relief, relief, Protect us from the Fire, O Lord
78 FOR LOVE & AFFECTION"
78,يَا ذْا الْعَرْشِ الْمَجِيدِ,"O Lord of the Glorious Throne,"
78,يَا ذْا الْقَوْلِ السَّدِيدِ,"O He, Whose words are right."
78,يَا ذْا الْفِعْلِ الرَّشِيدِ,"O Master of great deeds,"
78,يَا ذَا البَطْشِ الشَّدِيدِ,"O He, Whose punishment is severe"
78,يَا ذْا الوَعْدِ وَالوَعِيدِ,"O Master of promise and threat,"
78,يَا مَنْ هُوَ الْوَلِيُّ الحَمِيدُ,"O He, Who is guardian and the most praised one,"
78,يَا مَنْ هُوَ فْعَّالٌ لِّمَا يُرِيدُ,"O He, Who is the mighty doer of whatever He wills,"
78,يَا مَنْ هُوَ قْرِيبٌ غَيْرُ بَعِيدٍ,"O He, Who is near and not far,"
78,يَّا مَنْ هُوَ عَلَى كُلِّ شَيْءٍ شَهِيدٌ,"O He, Who is Witness to everything,"
78,يَا مَنْ هُوَ لَيْسَ بِظَلاَّمٍ لِّلْعَبِيدِ,"O He, Who is not the least cruel to His slaves,"
79,"سُبْحَانَكَ يَا لَا إِلَهَ إِلاَّ أَنْتَ, الْغَوْثَ الْغَوْثَ, خَلِّصْنَا مِنَ النَّارِ يَا رَبِّ","Praise be to You, there is no god but You, I beseech You for relief, relief, Protect us from the Fire, O Lord
79 TO SEEK FREEDOM"
79,يَا مَن لا شَرِيكَ لَهُ وَلاوَزَيرَ,"O He, Who has no partner and no adviser,"
79,يَا مَن لا شَبِيهَ لَهُ وَلا نَظِيرَ,"O He, Who has no equal and no match,"
79,يَا خَاِلقَ الشَّمْسِ وَالْقَمَرِ الْمُنِيرِ,"O Creator of the sun and the bright moon,"
79,يَا مُغْنِي الْبَائِسِ الْفَقِيرِ,"O Enricher of the poverty stricken,"
79,يَا رْازِقَ الطِّفْلِ الصَّغِيرِ,"O Provider of sustenance to small children,"
79,يَا رْاحِمَ الشَّيْخِ الْكَبِيرِ,"O Merciful to the very aged ones,"
79,يَا جَابِرَ العَظْمِ الكَسِيرِ,"O Joiner of broken bones,"
79,يَا عِصْمَةَ الْخَائِفِ الْمُسْتَجِيرِ,"O Protector of the frightened shelter seekers,"
79,يَا مَنْ هُوَ بِعِبَادِهِ خَبَيِرٌ بَصِيرٌ,"O He , Who is All-Aware and All-Seeing of His slaves,"
79,يَّا مَنْ هُوَ عَلَى كُلِّ شَيْءٍ قَدِيرٌ,"O He, Who is Powerful over everything."
80,"سُبْحَانَكَ يَا لَا إِلَهَ إِلاَّ أَنْتَ, الْغَوْثَ الْغَوْثَ, خَلِّصْنَا مِنَ النَّارِ يَا رَبِّ","Praise be to You, there is no god but You, I beseech You for relief, relief, Protect us from the Fire, O Lord
80 TO SEEK PROSPERITY"
80,يَا ذَا الْجُودِ وَالنِّعَمِ,"O Master of generosity and the Bestower of the bounties,"
80,يَا ذَا الْفَضْلِ وَالْكَرَمِ,"O Gracious and Magnanimous,"
80,يَا خَاِلقَ اللَّوْحِ وَالْقَلَمِ,"O Creator of the Tablet and the Pen,"
80,يَا بَارِئَ الذَّرِّ و النَّسَمِ,"O Creator of ants and men,"
80,يَا ذَا الْبَأْسِ وَالنِّقَمِ,"O Inflictor of punishment and Retaliator,"
80,يَا مُلْهِمَ الْعَرَبِ وَالْعَجَمِ,"O Inspirer of Arabs and non-Arabs,"
80,يَا كَاشِفَ الضُرِّ وَالأَلَمِ,"O Expeller of pain and grief,"
80,يَا عَالِمَ السِّرِّ وَالهِمَمِ,"O He, Who knows the secrets and the mysteries,"
80,يَا رَبَّ الْبَيْتِ وَالْحَرَمِ,"O Lord of the Kaaba and the Sacred Precinct,"
80,يَا مَنْ خَلَقَ الأَشْيَاءَ مِنَ الْعَدَمِ,"O He, Who has created everything out of nothingness,"
81,"سُبْحَانَكَ يَا لَا إِلَهَ إِلاَّ أَنْتَ, الْغَوْثَ الْغَوْثَ, خَلِّصْنَا مِنَ النَّارِ يَا رَبِّ","Praise be to You, there is no god but You, I beseech You for relief, relief, Protect us from the Fire, O Lord
81 TO CURE MIGRANE"
81,اللَّهُمَّ إِنِّي أَسْألُكَ بِاسْمِكَ,"O Allah, verily I beseech You in Your name:"
81,يَا فَاعِلُ يَا جَاعِلُ,"O Doer, O Creator"
81,يَا قَابِلُ يَا كَامِلُ,"O Acceptor, O Perfect,"
81,يَا فَاصِلُ يَا وَاصِلُ,"O Gracious, O Separator"
81,يَا عَادِلُ يَا غَاِلبُ,"O Just, O Dominant,"
81,يَا طَاِلبُ يَا وَاهِبُ,"O Seeker, O Generous"
82,"سُبْحَانَكَ يَا لَا إِلَهَ إِلاَّ أَنْتَ, الْغَوْثَ الْغَوْثَ, خَلِّصْنَا مِنَ النَّارِ يَا رَبِّ","Praise be to You, there is no god but You, I beseech You for relief, relief, Protect us from the Fire, O Lord
82 TO CURE ULCER"
82,يَا مَنْ أَنْعَمَ بِطَوْلِهِ,"O He, Who graciously bestows His bounties on us,"
82,يَا مَنْ أَكْرَمَ بِجُودِهِ,"O He, Who honours us with His charity,"
82,يَا مَن جَادَ بِلُطْفِهِ,"O He, Who rewards us out of His beneficing,"
82,يَا مَن تَعَزَّزَ بِقُدْرَتِهِ,"O He, Who makes us respectable with His might,"
82,يَا مَن قَدَّرَ بِحِكْمَتِهِ,"O He, Who predestines with His wisdom,"
82,يَا مَنْ حَكَمَ بِتَدْبِيرِهِ,"O He, Who judges with His planning,"
82,يَا مَن دَبَّرَ بِعِلْمِهِ,"O He, Who decrees with His knowledge,"
82,يَا مَن تَجَاوَزَ بِحِلْمِهِ,"O He, Who is forbearing with His forbearance,"
82,يَا مَن دَنَا فِي عُلُوِّهِ,"O He, Who is near us in spite of His exaltation,"
82,يَا مَنْ عَلاَ فِي دُنُوِّهِ,"O He, Who is exalted despite His nearness."
83,"سُبْحَانَكَ يَا لَا إِلَهَ إِلاَّ أَنْتَ, الْغَوْثَ الْغَوْثَ, خَلِّصْنَا مِنَ النَّارِ يَا رَبِّ","Praise be to You, there is no god but You, I beseech You for relief, relief, Protect us from the Fire, O Lord
83 TO CURE BACK-ACHE"
83,يَا مَن يَّخْلُقُ مَا يَشَاءُ,"O He, Who creates whatever He wishes,"
83,يَا مَن يَّفْعَلُ مَا يَشَاءُ,"O He, Who does whatever He wishes,"
83,يَا مَن يَّهْدِي مَن يَّشَاءُ,"O He, Who guides whomever He wishes,"
83,يَا مَن يُّضِلُّ مَن يَّشَاءُ,"O He, Who leaves astray whomever He wishes,"
83,يَا مَن يُّعَذِّبُ مَن يَّشَاءُ,"O He, Who punishes whomever He wishes,"
83,يَا مَن يَّغْفِرُ لِمَن يَّشَاءُ,"O He, Who forgives whomever He wishes,"
83,يَا مَن يُّعِزُّ مَن يَّشَاءُ,"O He, Who honors whomever He wishes,"
83,يَا مَن يُّذِلُّ مَن يَّشَاءُ,"O He, Who dishonors whomever He wishes,"
83,يَا مَن يُّصَوِّرُ فِي الأَرْحَامِ مَا يَشَاءُ,"O He, Who fashions in the womb as He wishes,"
83,يَا مَن يَّخْتَصُّ بِرَحْمَتِهِ مَن يَّشَاءُ,"O He, Who chooses for His mercy whoever He wishes."
84,"سُبْحَانَكَ يَا لَا إِلَهَ إِلاَّ أَنْتَ, الْغَوْثَ الْغَوْثَ, خَلِّصْنَا مِنَ النَّارِ يَا رَبِّ","Praise be to You, there is no god but You, I beseech You for relief, relief, Protect us from the Fire, O Lord
84 TO CURE PAIN IN THE RIBS"
84,يَا مَن لَّمْ يَتَّخِذْ صَاحِبَةً وَّلاوَلَداً,"O He, Who has neither wife nor child,"
84,يَّا مَن جَعَلَ لِكُلِّ شَيْءٍ قَدْراً,"O He, Who creates everything in a fixed measure,"
84,يَّا مَن لا يُشْرِكُ فِي حُكْمِهِ أَحَداً,"O He, Who has no partner in His rule,"
84,يَّا مَن جَعَلَ الْمَلائِكَةَ رُسُلاً,"O He, Who appointed angels as messengers,"
84,يَّا مَن جَعَلَ فِي السَّمَاءِ بُرُوجاً,"O He, Who made constellations in the heaven,"
84,يَّا مَن جَعَلَ الأَرْضَ قَرَاراً,"O He, Who made the earth a place of abode,"
84,يَّا مَنْ خَلَقَ مِنَ الْمَاءِ بَشَراً,"O He, Who created man from water,"
84,يَّا مَن جَعَلَ لِكُلِّ شَيْءٍ أَمَداً,"O He, Who fixed a period for everything,"
84,يَّا مَنْ أَحَاطَ بِكُلِّ شَيْءٍ عِلْماً,"O He, Whose knowledge encompasses everything,"
84,يَّا مَنْ أَحْصَى كُلَّ شَيْءٍ عَدَداً,"O He, Who knows the number and quantity of everything."
85,"سُبْحَانَكَ يَا لَا إِلَهَ إِلاَّ أَنْتَ, الْغَوْثَ الْغَوْثَ, خَلِّصْنَا مِنَ النَّارِ يَا رَبِّ","Praise be to You, there is no god but You, I beseech You for relief, relief, Protect us from the Fire, O Lord
85 TO CURE PAIN IN THE WRIST"
85,اللَّهُمَّ إِنِّي أَسْألُكَ بِاسْمِكَ,"O Allah, verily I beseech You in Your name:"
85,يَا أَوَّلُ يَا آخِرُ,"O First, O Last,"
85,يَا ظَاهِرُ يَا بَاطِنُ,"O Manifest, O Hidden,"
85,يَا بَرُّ يَا حَقُّ,"O Virtuous, O Right,"
85,يَا فَرْدُ يَا وِتْرُ,"O He, O Unique,"
85,يَا صَمَدُ يَا سَرْمَدُ,"O Independent, O Eternal"
86,"سُبْحَانَكَ يَا لَا إِلَهَ إِلاَّ أَنْتَ, الْغَوْثَ الْغَوْثَ, خَلِّصْنَا مِنَ النَّارِ يَا رَبِّ","Praise be to You, there is no god but You, I beseech You for relief, relief, Protect us from the Fire, O Lord
86 TO CURE SPLEEN AILMENTS"
86,يَا خَيْرَ مَعْرُوفٍ عُرِفَ,"O Best recognized of all the recognized,"
86,يَا أَفْضَلَ مَعْبُودٍ عُبِدَ,"O Best of all to be worshipped,"
86,يَا أَجَلَّ مَشْكُورٍ شُكِرَ,"O Greatest of those to whom thanks are due,"
86,يَا أَعَزَّ مَذْكُورٍ ذُكِرَ,"O Most remembered of all who are remembered,"
86,يَا أَعْلَى مَحْمُودٍ حُمِدَ,"O Most praiseworthy of all those who are praised,"
86,يَا أَقْدَمَ مَوْجُودٍ طُلِبَ,"O Eternal Existent who is sought,"
86,يَا أَرْفَعَ مَوْصُوفٍ وُصِفَ,"O Highest of those who are praised,"
86,يَا أَكْبَرَ مَقْصُودٍ قُصِدَ,"O Greatest of the purposes which are striven for,"
86,يَا أَكْرَمَ مَسْؤُولٍ سُئِلَ,"O Most liberal Giver who is requested,"
86,يَا أَشْرَفَ مَحْبُوبٍ عُلِمَ,O Noblest Friend who is known.
87,"سُبْحَانَكَ يَا لَا إِلَهَ إِلاَّ أَنْتَ, الْغَوْثَ الْغَوْثَ, خَلِّصْنَا مِنَ النَّارِ يَا رَبِّ","Praise be to You, there is no god but You, I beseech You for relief, relief, Protect us from the Fire, O Lord
87 TO CURE HEADACHE"
87,يَا حَبِيبَ الْبَاكِينَ,"O Friend of those who weep,"
87,يَا سَيِّدَ المُتَوَكِّلِينَ,"O Refuge of those who trust in Him,"
87,يَا هَادِي الْمُضِلِّينَ,"O Guide of the misguided,"
87,يَا وَلِيَّ الْمُؤْمِنِينَ,"O Master of the faithful,"
87,يَا أَنِيسَ الذَّاكِرِينَ,"O Friend of worshippers,"
87,يَا مَفْزَعَ الْمَلْهُوفِينَ,"O Shelter of the sorrowful,"
87,يَا مُنجِي الصَّادِقِينَ,"O Redeemer of the truthful,"
87,يَا أَقْدَرَ القَادِرِينَ,"O Mightiest of all,"
87,يَا أَعْلَمَ العَالِمِينَ,O the most Knowledgeable of all beings.
87,يَا إِلَهَ الْخَلْقِ أَجْمَعِينَ,"O Allah of the entire Creation,"
88,"سُبْحَانَكَ يَا لَا إِلَهَ إِلاَّ أَنْتَ, الْغَوْثَ الْغَوْثَ, خَلِّصْنَا مِنَ النَّارِ يَا رَبِّ","Praise be to You, there is no god but You, I beseech You for relief, relief, Protect us from the Fire, O Lord
88 TO CURE PAIN IN FOREHEAD"
88,يَا مَنْ عَلاَ فَقَهَرَ,"O He, Who is high and dominant,"
88,يَا مَن مَّلَكَ فَقَدَرَ,"O He, Who is masterful and powerful,"
88,يَا مَنْ بَطَنَ فَخَبَرَ,"O He, Who is hidden and aware,"
88,يَا مَنْ عُبِدَ فَشَكَرَ,"O He, Who is worshipped and who appreciates,"
88,يَا مَنْ عُصِي فَغَفَرَ,"O He, Who is disobeyed and yet forgives,"
88,يَا مَن لا تَحْوِيهِ الْفِكَرُ,"O He, Whom thought cannot encompass,"
88,يَا مَن لا يُدْرِكُهُ بَصَرٌ,"O He, Whom eyes cannot see,"
88,يَّا مَن لا يَخْفَى عَلَيْهِ أثَرٌ,"O He, from Whom nothing is concealed,"
88,يَا رَازِقَ الْبَشَرِ,"O Provider of Sustenance to mankind,"
88,يَا مُقَدِّرَ كُلِّ قَدَرٍ,"O He, Who ordained all destinies."
89,"سُبْحَانَكَ يَا لَا إِلَهَ إِلاَّ أَنْتَ, الْغَوْثَ الْغَوْثَ, خَلِّصْنَا مِنَ النَّارِ يَا رَبِّ","Praise be to You, there is no god but You, I beseech You for relief, relief, Protect us from the Fire, O Lord
89 TO CURE NON-STOP URINATION"
89,اللَّهُمَّ إِنِّي أَسْألُكَ بِاسْمِكَ,"O Allah, verily I beseech You in Your name:"
89,يَا حَافِظُ يَا بَارِئُ,"O Protector, O Maker,"
89,يَا ذَارِئُ يَا بَاذِخُ,"O Creator, O All-generous,"
89,يَا فَارِجُ يَا فَاتِحُ,"O Revealer, O Victorious,"
89,يَا كَاشِفُ يَا ضَامِنُ,"O Disclosers, O Guarantor,"
89,يَا آمِرُ يَا نَاهِي,"O Commander, O Prohibiter."
90,"سُبْحَانَكَ يَا لَا إِلَهَ إِلاَّ أَنْتَ, الْغَوْثَ الْغَوْثَ, خَلِّصْنَا مِنَ النَّارِ يَا رَبِّ","Praise be to You, there is no god but You, I beseech You for relief, relief, Protect us from the Fire, O Lord
90 TO CURE PAIN IN NAVEL"
90,يَا مَن لا يَعْلَمُ الْغَيْبَ إِلاَّ هُوَ,"O He, besides Whom no one knows the secrets,"
90,يَا مَن لا يَصْرِفُ السُّوءَ إِلاَّ هُوَ,"O He, besides Whom no one drives away calamities,"
90,يَا مَن لا يَخْلُقُ الْخَلْقَ إِلاَّ هُوَ,"O He, besides Whom no one creates,"
90,يَا مَن لا يَغْفِرُ الذَّنْبَ إِلاَّ هُوَ,"O He, besides Whom no one forgives sins,"
90,يَا مَن لا يُتِمُّ النِّعْمَةَ إِلاَّ هُوَ,"O He, besides Whom no one perfects the bounties,"
90,يَا مَن لا يُقَلِّبُ الْقُلُوبَ إِلاَّ هُوَ,"O He, besides Whom no one transforms hearts,"
90,يَا مَن لا يُدَبِّرُ الأَمْرَ إِلاَّ هُو,"O He, besides Whom no one manages affairs,"
90,يَا مَن لا يُنَزِّلُ الْغَيْثَ إِلاَّ هُوَ,"O He, besides Whom no one holds the reins,"
90,يَا مَن لا يَبْسُطُ الرِّزْقَ إِلاَّ هُوَ,"O He, besides Whom no one increases sustenance,"
90,يَا مَن لا يُحْيِي الْمَوْتَى إِلاَّ هُوَ,"O He, besides Whom no one revives the dead."
91,"سُبْحَانَكَ يَا لَا إِلَهَ إِلاَّ أَنْتَ, الْغَوْثَ الْغَوْثَ, خَلِّصْنَا مِنَ النَّارِ يَا رَبِّ","Praise be to You, there is no god but You, I beseech You for relief, relief, Protect us from the Fire, O Lord
91 TO REMOVE THE STONE FROM BLADDER"
91,يَا مُعِينَ الضُّعَفَاءِ,"O Helper of the weak,"
91,يَا صَاحِبَ الْغُرَبَاءِ,"O Companion of the strangers,"
91,يَا نَاصِرَ الأَوْلِيَاءِ,"O Helper of [His] friends,"
91,يَا قَاهِرَ الأَعْدَاءِ,"O Overpowerer of the enemies,"
91,يَا رَافِعَ السَّمَاءِ,"O Elevator of the sky,"
91,يَا أَنِيسَ الأَصْفِيَاءِ,"O Genial to the chosen ones,"
91,يَا حَبِيبَ الأَتْقِيَاءِ,"O Friend of the pious,"
91,يَا كَنزَ الْفُقَرَاءِ,"O Treasure of the indigent,"
91,يَا إِلَهَ الأَغْنِيَاءِ,"O Lord of the rich,"
91,يَا أَكْرَمَ الْكُرَمَاءِ,O Most benign of all.
92,"سُبْحَانَكَ يَا لَا إِلَهَ إِلاَّ أَنْتَ, الْغَوْثَ الْغَوْثَ, خَلِّصْنَا مِنَ النَّارِ يَا رَبِّ","Praise be to You, there is no god but You, I beseech You for relief, relief, Protect us from the Fire, O Lord
92 TO CURE PILES"
92,يَا كَافِياً مِّن كُلِّ شَيْءٍ,"O He Who is self-sufficient from everything,"
92,يَّا قَائِماً عَلَى كُلِّ شَيْءٍ,"O He Who is established over everything,"
92,يَّا مَن لا يُشْبِهُهُ شَيْءٌ,"O He, nothing is like unto Him,"
92,يَّا مَن لا يَزِيدُ فِي مُلْكِهِ شَيْءٌ,"O He, nothing extends His Kingdom,"
92,يَّا مَن لا يَخْفَى عَلَيْهِ شَيْءٌ,"O He from Whom nothing is hidden,"
92,يَّا مَن لا يَنقُصُ مِنْ خَزَائِنِهِ شَيْءٌ,"O He, nothing decreases His treasure,"
92,يَّا مَن لَّيْسَ كَمِثْلِهِ شَيْءٌ,"O He, nothing is like unto Him,"
92,يَّا مَن لا يَعْزُبُ عَنْ عِلْمِهِ شَيْءٌ,"O He, Whose Knowledge encompasses everything,"
92,يَّا مَنْ هُوَ خَبِيرٌ بِكُلِّ شَيْءٍ,"O He, Who is All-Aware,"
92,يَّا مَن وَّسِعَتْ رَحْمَتُهُ كُلَّ شَيْءٍ,"O He, Whose mercy extends to everything."
93,"سُبْحَانَكَ يَا لَا إِلَهَ إِلاَّ أَنْتَ, الْغَوْثَ الْغَوْثَ, خَلِّصْنَا مِنَ النَّارِ يَا رَبِّ","Praise be to You, there is no god but You, I beseech You for relief, relief, Protect us from the Fire, O Lord
93 TO CURE ULCERS"
93,اللَّهُمَّ إِنِّي أَسْألُكَ بِاسْمِكَ,"O Allah, verily I beseech You in Your name:"
93,يَا مُكْرِمُ يَا مُطْعِمُ,"O Generous, O Provider,"
93,يَا مُنْعِمُ يَا مُعْطِي,"O Bestower of bounties,
O Bestower of gifts,"
93,يَا مُغْنِي يَا مُقْنِي,"O Enricher, O Giver of Shelter"
93,يَا مُفْنِي يَا مُحْيِي,"O Destroyer, O Quickener,"
93,يَا مُرْضِي يَا مُنجِي,"O Satisfier, O Who grants salvation,"
94,"سُبْحَانَكَ يَا لَا إِلَهَ إِلاَّ أَنْتَ, الْغَوْثَ الْغَوْثَ, خَلِّصْنَا مِنَ النَّارِ يَا رَبِّ","Praise be to You, there is no god but You, I beseech You for relief, relief, Protect us from the Fire, O Lord
94 TO CURE NOSE AILMENTS"
94,يَا أَوَّلَ كُلِّ شَيْءٍ وَّآخِرَهُ,"O First and the Last,"
94,يَا إِلَهَ كُلِّ شَيْءٍ وَّمَلِيكَهُ,"O Lord of everything and its Master,"
94,يَا رَبَّ كُلِّ شَيْءٍ وَّصَانِعَهُ,O Lord Cherisher of everything and its Fashioner
94,يَا بَارِئَ كُلِّ شَيْءٍ وَّخَاِلقَهُ,"O Creator of everything and its Maker,"
94,يَا قَابِضَ كُلِّ شَيْءٍ وَّبَاسِطَهُ,"O Controller of everything and its Extender,"
94,يَا مُبْدِئَ كُلِّ شَيْءٍ وَّمُعِيدَهُ,"O Origin of everything and its Return,"
94,يَا مُنشِئَ كُلِّ شَيْءٍ وَّمُقَدِّرَهُ,"O Originator of everything and its Estimator,"
94,يَا مُكَوِّنَ كُلِّ شَيْءٍ وَّمُحَوِّلَهُ,"O Creator of everything and its Destroyer,"
94,يَا مُحْيِي كُلِّ شَيْءٍ وَّمُمِيتَهُ,"O Quickener of everything and Maker of its death,"
94,يَا خَاِلقَ كُلِّ شَيْءٍ وَّوَارِثَهُ,O Author of everything and its Inheritor.
95,"سُبْحَانَكَ يَا لَا إِلَهَ إِلاَّ أَنْتَ, الْغَوْثَ الْغَوْثَ, خَلِّصْنَا مِنَ النَّارِ يَا رَبِّ","Praise be to You, there is no god but You, I beseech You for relief, relief, Protect us from the Fire, O Lord
95 TO CURE STOMACH-ACHE"
95,يَا خَيْرَ ذَاكِرٍ وَّمَذْكُورٍ,"O Best Rememberer and Remembered,"
95,يَّا خَيْرَ شَاكِرٍ وَّمَشْكُورٍ,"O Best Appreciator and Appreciated,"
95,يَّا خَيْرَ حَامِدٍ وَّمَحْمُودٍ,"O Best Praiser and Praised,"
95,يَّا خَيْرَ شَاهِدٍ وَّمَشْهُودٍ,"O Best Witness and Witnessed,"
95,يَّا خَيْرَ دَاعٍ وَّمَدْعُوٍّ,"O Best Inviter and Invited,"
95,يَّا خَيْرَ مُجِيبٍ وَّمُجَابٍ,"O Best Responder and Responded,"
95,يَّا خَيْرَ مُؤْنِسٍ وَّأَنِيسٍ,"O Best Comforter and Counselor,"
95,يَّا خَيْرَ صَاحِبٍ وَّجَلِيسٍ,"O Best Friend and Companion,"
95,يَّا خَيْرَ مَقْصُودٍ وَّمَطْلُوبٍ,"O Most Desired and Sought,"
95,يَّا خَيْرَ حَبِيبٍ وَّمَحْبُوبٍ,O Most Affectionate and Loved.
96,"سُبْحَانَكَ يَا لَا إِلَهَ إِلاَّ أَنْتَ, الْغَوْثَ الْغَوْثَ, خَلِّصْنَا مِنَ النَّارِ يَا رَبِّ","Praise be to You, there is no god but You, I beseech You for relief, relief, Protect us from the Fire, O Lord
96 TO CURE KNEE PAIN"
96,يَا مَنْ هُوَ لِمَن دَعَاهُ مُجِيبٌ,"O Allah, the Answerer to him who calls Him,"
96,يَّا مَنْ هُوَ لِمَنْ أَطَاعَهُ حَبِيبٌ,"O Friend of him who obeys Him,"
96,يَّا مَنْ هُوَ إِلَى مَنْ أَحَبَّهُ قَرِيبٌ,"O He, Who is close to him who loves Him,"
96,يَّا مَنْ هُوَ بِمَنْ اسْتَحْفَظَهُ رَقِيبٌ,"O Protector of one who seeks protection,"
96,يَّا مَنْ هُوَ بِمَن رَّجَاهُ كَرِيمٌ,"O Allah Who is Generous to him who is hopeful of Him,"
96,يَّا مَنْ هُوَ بِمَنْ عَصَاهُ حَلِيمٌ,"O Allah, Who is Forbearing to one who disobeys Him,"
96,يَّا مَنْ هُوَ فِي عَظَمَتِهِ رَحِيمٌ,"O Allah, Who is Merciful in spite of His Grandeur,"
96,يَّا مَنْ هُوَ فِي حِكْمَتِهِ عَظِيمٌ,"O Allah, Who is Great in His Wisdom,"
96,يَّا مَنْ هُوَ فِي إِحْسَانِهِ قَدِيمٌ,"O Allah, Who is Eternal in His Benevolence,"
96,يَّا مَنْ هُوَ بِمَنْ أَرَادَهُ عَلِيمٌ,"O Allah, Who is Aware of one who seeks Him."
97,"سُبْحَانَكَ يَا لَا إِلَهَ إِلاَّ أَنْتَ, الْغَوْثَ الْغَوْثَ, خَلِّصْنَا مِنَ النَّارِ يَا رَبِّ","Praise be to You, there is no god but You, I beseech You for relief, relief, Protect us from the Fire, O Lord
97 TO CURE THROAT PAIN"
97,اللَّهُمَّ إِنِّي أَسْألُكَ بِاسْمِكَ,"O Allah, verily I entreat You in Your name:"
97,يَا مُسَبِّبُ يَا مُرَغِّبُ,"O Primal Cause,
O Creator of desire,"
97,يَا مُقَلِّبُ يَا مُعَقِّبُ يَا مُرَتِّبُ,"O Changer, O Inflictor,
O Organiser,"
97,يَا مُخَوِّفُ يَا مُحَذِّرُ يَا مُذَكِّرُ,"O Awful, O Saver, O Reminder,"
97,يَا مُسَخِّرُ يَا مُغَيِّرُ,"O Subjector, O Displacer."
98,"سُبْحَانَكَ يَا لَا إِلَهَ إِلاَّ أَنْتَ, الْغَوْثَ الْغَوْثَ, خَلِّصْنَا مِنَ النَّارِ يَا رَبِّ","Praise be to You, there is no god but You, I beseech You for relief, relief, Protect us from the Fire, O Lord
98 TO SEEK FUFILMENT OF LEGITIMATE DESIRES"
98,يَا مَنْ عِلْمُهُ سَابِقٌ,"O He Whose Knowledge is eternal,"
98,يَّا مَن وَّعْدُهُ صَادِقٌ,"O He Whose Promise is true,"
98,يَّا مَن لُّطْفُهُ ظَاهِرٌ,"O He Whose Benignity is manifest,"
98,يَّا مَنْ أَمْرُهُ غَاِلبٌ,"O He Whose Command is overruling,"
98,يَّا مَن كِتَابُهُ مُحْكَمٌ,"O He Whose Book is clear and final,"
98,يَّا مَن قَضَاؤُه كَائِنٌ,"O He Whose Judgement is inevitable,"
98,يَّا مَن قُرْآنُهُ مَجِيدٌ,"O He Whose Qur'an is glorious,"
98,يَّا مَن مُّلْكُهُ قَدِيمٌ,"O He Whose Rule is eternal,"
98,يَّا مَن فَضْلُهُ عَمِيمٌ,"O He Whose Favour is common to all,"
98,يَّا مَن عَرْشُهُ عَظِيمٌ,O He Whose Throne is great.
99,"سُبْحَانَكَ يَا لَا إِلَهَ إِلاَّ أَنْتَ, الْغَوْثَ الْغَوْثَ, خَلِّصْنَا مِنَ النَّارِ يَا رَبِّ","Praise be to You, there is no god but You, I beseech You for relief, relief, Protect us from the Fire, O Lord
99 TO CURE PAIN IN LEGS"
99,يَا مَن لا يَشْغَلُهُ سَمْعٌ عَن سَمْعٍ,"O He - listening to one individual does not prevent Him from listening to others simultaneously,"
99,يَّا مَن لا يَمْنَعُهُ فِعْلٌ عَن فِعْلٍ,"O He - doing one thing does not prevent Him from doing other things simultaneously,"
99,يَّا مَن لا يُلْهِيهِ قَوْلٌ عَن قَوْلٍ,"O He - the speech of one person does not make Him needless of the simultaneous speech of others,"
99,يَّا مَن لا يُغَلِّطُهُ سُؤَالٌ عَن سُؤَالٍ,"O He - one request does not make Him forgetful of other requests,"
99,يَّا مَن لا يَحْجُبُهُ شَيْءٌ عَن شَيْءٍ,"O He - the sight of one thing does not prevent Him from seeing other things simultaneously,"
99,يَّا مَن لا يُبْرِمُهُ إِلْحَاحُ الْمُلِحِّينَ,"O He - the plaintive cries of those who weep and lament do not bother Him,"
99,يَا مَنْ هُوَ غَايَةُ مُرَادِ الْمُرِيدِينَ,"O He Who is the ultimate Aim of the efforts of saints,"
99,يَا مَنْ هُوَ مُنتَهَى هِمَمِ الْعَارِفِينَ,"O He Who is the Goal of gnostics,"
99,يَا مَنْ هُوَ مُنتَهَى طَلَبِ الطَّاِلبِينَ,"O He Who is the Goal of seekers,"
99,يَا مَن لا يَخْفَى عَلَيْهِ ذَرَّةً فِي الْعَالَمِينَ,O He from Whom not a single particle in the worlds is hidden.
100,"سُبْحَانَكَ يَا لَا إِلَهَ إِلاَّ أَنْتَ, الْغَوْثَ الْغَوْثَ, خَلِّصْنَا مِنَ النَّارِ يَا رَبِّ","Praise be to You, there is no god but You, I beseech You for relief, relief, Protect us from the Fire, O Lord
100 TO CURE THIGH PAIN"
100,يَا حَلِيماً لا يَعْجَلُ,"O Forbearing Who does not make haste,"
100,يَا جَوَاداً لا يَبْخَلُ,"O Generous Who is never a miser,"
100,يَا صَادِقاً لا يُخْلِفُ,O True Who never breaks the promise
100,يَا وَهَّاباً لا يَمَلُّ,"O Munificent Who never regrets,"
100,يَا قَاهِراً لا يُغْلَبُ,"O Dominant Who is never overpowered,"
100,يَا عَظِيماً لا يُوصَفُ,O Great Who is indescribable
100,يَا عَدْلاً لا يَحِيفُ,"O Just Who is never oppressive,"
100,يَا غَنِيّاً لا يَفْتَقِرُ,"O Bounteous Who is never rapacious,"
100,يَا كَبِيراً لا يَصْغُرُ,"O Great Who does not become small,"
100,يَا حَافِظاً لا يَغْفَلُ,O Protector Who does not neglect.
100,"سُبْحَانَكَ يَا لَا إِلَهَ إِلاَّ أَنْتَ, الْغَوْثَ الْغَوْثَ, خَلِّصْنَا مِنَ النَّارِ يَا رَبِّ","Praise be to You, there is no god but You, I beseech You for relief, relief, Protect us from the Fire, O Lord"
101,اَللَّهُمَّ صَلِّ عَلَى مُحَمَّدٍ وَ آلِ مُحَمَّد,O Allah bless Muhammad and the family of Muhammad.
101,,HAJAAT
102,,"Dua taught by
Imam Mahdi A.S."
102,بِسْمِ اللَّهِ الرَّحْمَنِ الرَّحِيمِ,"In the Name of Allah,
the All-merciful, the All-compassionate"
102,اَللَّهُمَّ صَلِّ عَلَى مُحَمَّدٍ وَ آلِ مُحَمَّد,O Allah bless Muhammad and the family of Muhammad.
102,اَللَّهُمَّ ٱرْزُقْنَا تَوْفِيقَ ٱلطَّاعَةِ,"O Allah, (please do) grant us success to obey (You),"
102,وَبُعْدَ ٱلْمَعْصِيَةِ,"remoteness from disobedience (to You),"
102,وَصِدْقَ ٱلنِّيَّةِ,"true intention,"
102,وَعِرْفَانَ ٱلْحُرْمَةِ,and identification of sanctity.
102,وَأَكْرِمْنَا بِٱلْهُدَىٰ وَٱلاِسْتِقَامَةِ,"(Please do) honor us with true guidance and straightforwardness,"
102,وَسَدِّدْ أَلْسِنَتَنَا بِٱلصَّوَابِ وَٱلْحِكْمَةِ,"dedicate our tongues to truth and wisdom,"
102,وَٱمْلَأْ قُلُوبَنَا بِٱلْعِلْمِ وَٱلْمَعْرِفَةِ,"fill our hearts with knowledge and learning,"
102,وَطَهِّرْ بُطُونَنَا مِنَ ٱلْحَرَامِ وَٱلشُّبْهَةِ,"purify our stomachs from illegally and suspiciously gotten food,"
102,وَٱكْفُفْ أَيْدِيَنَا عَنِ ٱلظُّلْمِ وَٱلسَّرِقَةِ,"withhold our hands from oppression and larceny,"
102,وَٱغْضُضْ أَبْصَارَنَا عَنِ ٱلْفُجُورِ وَٱلْخِيَانَةِ,"turn our sights away from licentiousness and treachery,"
102,وَٱسْدُدْ أَسْمَاعَنَا عَنِ ٱللَّغْوِ وَٱلْغِيبَةِ,"and block our hearings against vainness and backbiting,"
102,وَتَفَضَّلْ عَلَىٰ عُلَمَائِنَا بِٱلزُّهْدِ وَٱلنَّصِيحَةِ,"confer upon our scholars with asceticism and advice,"
102,وَعَلَىٰ ٱلْمُتَعَلِّمِينَ بِٱلْجُهْدِ وَٱلرَّغْبَةِ,"upon the learners with hard work and desire (to learning),"
102,وَعَلَىٰ ٱلْمُسْتَمِعِينَ بِٱلاِتِّبَاعِ وَٱلْمَوْعِظَةِ,"upon the listeners with following and learning (lessons),"
102,وَعَلَىٰ مَرْضَىٰ ٱلْمُسْلِمِينَ بِٱلشِّفَاءِ وَٱلرَّاحَةِ,"upon the Muslim patients with cure and comfort,"
102,وَعَلَىٰ مَوْتَاهُمْ بِٱلرَّأْفَةِ وَٱلرَّحْمَةِ,"upon the dead Muslims with kindness and mercy,"
102,وَعَلَىٰ مَشَايِخِنَا بِٱلْوَقَارِ وَٱلسَّكِينَةِ,"upon our aged people with somberness and gentleness,"
102,وَعَلَىٰ ٱلشَّبَابِ بِٱلإِنَابَةِ وَٱلتَّوْبَةِ,"upon the youths with turning (to You) and repentance,"
102,وَعَلَىٰ ٱلنِّسَاءِ بِٱلْحَيَاءِ وَٱلْعِفَّةِ,"upon the women with shyness and chastity,"
102,وَعَلَىٰ ٱلأَغْنِيَاءِ بِٱلتَّوَاضُعِ وَٱلسَّعَةِ,"upon the rich with modesty and ample giving,"
102,وَعَلَىٰ ٱلْفُقَرَاءِ بِٱلصَّبْرِ وَٱلْقَنَاعَةِ,"upon the poor with patience and satisfaction,"
102,وَعَلَىٰ ٱلْغُزَاةِ بِٱلنَّصْرِ وَٱلْغَلَبَةِ,"upon the warriors with triumph and supremacy,"
102,وَعَلَىٰ ٱلْأُسَرَاءِ بِٱلْخَلاَصِ وَٱلرَّاحَةِ,"upon the prisoners with release and comfort,"
102,وَعَلَىٰ ٱلْأُمَرَاءِ بِٱلْعَدْلِ وَٱلشَّفَقَةِ,"upon the rulers with justice and sympathy,"
102,وَعَلَىٰ ٱلرَّعِيَّةِ بِٱلإِنْصَافِ وَحُسْنِ ٱلسِّيرَةِ,and upon the subjects with impartiality and good behavior.
102,وَبَارِكْ لِلْحُجَّاجِ وَالزُّوَّارِ فِي ٱلزَّادِ وَٱلنَّفَقَةِ,"(Please do) bless the pilgrims to Mecca and the visitors (of the tombs of the saints) with provision and expenditure,"
102,وَٱقْضِ مَا أَوْجَبْتَ عَلَيْهِمْ مِنَ ٱلْحَجِّ وَٱلْعُمْرَةِ,"and help them settle the Hajj and `Umrah that You have made incumbent upon them,"
102,بِفَضْلِكَ وَرَحْمَتِكَ يَا أَرْحَمَ ٱلرَّاحِمِينَ,"in the name of Your grace and mercy, O most merciful of all those who show mercy!"
102,اَللَّهُمَّ صَلِّ عَلَى مُحَمَّدٍ وَ آلِ مُحَمَّد,O Allah bless Muhammad and the family of Muhammad.
